Cluster_Name,Image_Name
263,263_net_cn.png
aad-insurance,aad-insurance_com.png
aamco-bellevue,aamco-bellevue_com.png
aamco-bellevue,aamco-duluthga_com.png
aamco-bellevue,aamco-omahasouth_com.png
aamco-chesapeakeva,aamco-chesapeakeva_com.png
aamco-chesapeakeva,aamco-taylorsvilleut_com.png
aamco-chesapeakeva,aamcoastoria_com.png
aamco-chesapeakeva,aamcoblog_com.png
aamco-chesapeakeva,aamcobloomfield_com.png
aamco-corpuschristi,aamco-corpuschristi_com.png
aamco-councilbluffs,aamco-councilbluffs_com.png
aamco-councilbluffs,aamco-omahanorth_com.png
aamco-councilbluffs,aamco-omahawest_com.png
aamco-councilbluffs,aamcoabingtonpa_com.png
aamco-councilbluffs,aamcoahwatukee_com.png
aamco-councilbluffs,aamcoalbuquerque_com.png
aamco-councilbluffs,aamcoalexandriava_com.png
aamco-councilbluffs,aamcoaloha_com.png
aamco-councilbluffs,aamcoanaheim_net.png
aamco-councilbluffs,aamcoantiochca_com.png
aamco-councilbluffs,aamcoarlington-pantego_com.png
aamco-councilbluffs,aamcoathensga_com.png
aamco-councilbluffs,aamcoaustin-burnetrd_com.png
aamco-councilbluffs,aamcobakersfield-unionave_com.png
aamco-councilbluffs,aamcobakersfield-whiteln_com.png
aamco-councilbluffs,aamcobaltimore-pulaskihwy_com.png
aamco-councilbluffs,aamcobearde_com.png
aamco-councilbluffs,aamcobloomingtonil_com.png
aamco-councilbluffs,aamcobradenton_com.png
aamco-councilbluffs,aamcobridgewater_com.png
aamco-councilbluffs,aamcobristolpa_com.png
aamco-councilbluffs,aamcobronx_com.png
aamco-councilbluffs,aamcobrookfieldwi_com.png
aamco-councilbluffs,aamcobrooklyn-atlanticave_com.png
aamco-councilbluffs,aamcobrooklyn-ralphave_com.png
aamco-councilbluffs,aamcoburbank_com.png
aamco-councilbluffs,aamcocantonga_com.png
aamco-councilbluffs,aamcocapistranobeachca_com.png
aamco-councilbluffs,aamcocarync_com.png
aamco-councilbluffs,aamcocatonsvillemd_com.png
aamco-councilbluffs,aamcocedarparktx_com.png
aamco-councilbluffs,aamcocentraltampa_com.png
aamco-councilbluffs,aamcochannelviewtx_com.png
aamco-councilbluffs,aamcocharlottesville_com.png
aamco-councilbluffs,aamcochino_com.png
aamco-councilbluffs,aamcoclaymontde_com.png
aamco-councilbluffs,aamcocolumbus-clevelandave_com.png
aamco-councilbluffs,aamcocolumbus-wbroadst_com.png
aamco-councilbluffs,aamcoconcordnh_com.png
aamco-councilbluffs,aamcoconcord_com.png
aamco-councilbluffs,aamcoconwaysc_com.png
aamco-councilbluffs,aamcoconyersga_com.png
aamco-councilbluffs,aamcocoronaca_com.png
aamco-councilbluffs,aamcocorvallisor_com.png
aamco-councilbluffs,aamcocovinaca_com.png
aamco-councilbluffs,aamcodallastx_com.png
aamco-councilbluffs,aamcodelran_com.png
aamco-councilbluffs,aamcodelraybeach_com.png
aamco-councilbluffs,aamcodovernj_com.png
aamco-councilbluffs,aamcodowneyca_com.png
aamco-councilbluffs,aamcoeastbrunswick_com.png
aamco-councilbluffs,aamcoeastmesa_com.png
aamco-councilbluffs,aamcoeastonpa_com.png
aamco-councilbluffs,aamcoeastpointga_com.png
aamco-councilbluffs,aamcoeggharbortwp_com.png
aamco-councilbluffs,aamcoelcajon_com.png
aamco-councilbluffs,aamcoerlanger_com.png
aamco-councilbluffs,aamcoescondido_com.png
aamco-councilbluffs,aamcoeugeneor_com.png
aamco-councilbluffs,aamcoeuless_com.png
aamco-councilbluffs,aamcoeverett_com.png
aamco-councilbluffs,aamcofeastervillepa_com.png
aamco-councilbluffs,aamcoflagstaff_com.png
aamco-councilbluffs,aamcofontanaca_com.png
aamco-councilbluffs,aamcofortlauderdale-dixiehwy_com.png
aamco-councilbluffs,aamcofortlauderdale-plantation_com.png
aamco-councilbluffs,aamcofortworth_com.png
aamco-councilbluffs,aamcofrederickmd_com.png
aamco-councilbluffs,aamcofremontca_com.png
aamco-councilbluffs,aamcofuquayvarinanc_com.png
aamco-councilbluffs,aamcogaithersburgmd_com.png
aamco-councilbluffs,aamcogastonianc_com.png
aamco-councilbluffs,aamcoglendalearrowhead_com.png
aamco-councilbluffs,aamcoglendaleca_com.png
aamco-councilbluffs,aamcoglendaleoldtown_com.png
aamco-councilbluffs,aamcogolflinks_com.png
aamco-councilbluffs,aamcohackettstown_com.png
aamco-councilbluffs,aamcohagerstownmd_com.png
aamco-councilbluffs,aamcohamptonva_com.png
aamco-councilbluffs,aamcohemetca_com.png
aamco-councilbluffs,aamcohialeahfl_com.png
aamco-councilbluffs,aamcohightstownnj_com.png
aamco-councilbluffs,aamcohouston-veteransmemorial_com.png
aamco-councilbluffs,aamcohuntingtonbeachca_com.png
aamco-councilbluffs,aamcoinglewoodca_com.png
aamco-councilbluffs,aamcokcnorth_com.png
aamco-councilbluffs,aamcokellertx_com.png
aamco-councilbluffs,aamcola-culvercity_com.png
aamco-councilbluffs,aamcolakeforestca_com.png
aamco-councilbluffs,aamcolakeworth_com.png
aamco-councilbluffs,aamcolancasterca_com.png
aamco-councilbluffs,aamcolasvegas_com.png
aamco-councilbluffs,aamcolaurelmd_com.png
aamco-councilbluffs,aamcolawrencevillega_com.png
aamco-councilbluffs,aamcolexingtoneast_com.png
aamco-councilbluffs,aamcolexingtonparkmd_com.png
aamco-councilbluffs,aamcolexingtonwest_com.png
aamco-councilbluffs,aamcolongbeachca_com.png
aamco-councilbluffs,aamcolubbock_com.png
aamco-councilbluffs,aamcomanassasva_com.png
aamco-councilbluffs,aamcomanchesterct_com.png
aamco-councilbluffs,aamcomarietta-cobbparkway_com.png
aamco-councilbluffs,aamcomcallen_com.png
aamco-councilbluffs,aamcomcdonoughga_com.png
aamco-councilbluffs,aamcomesacountryclub_com.png
aamco-councilbluffs,aamcometuchen_com.png
aamco-councilbluffs,aamcomiami-birdroad_com.png
aamco-councilbluffs,aamcomiddletownny_com.png
aamco-councilbluffs,aamcomilwaukieor_com.png
aamco-councilbluffs,aamcomissouricitytx_com.png
aamco-councilbluffs,aamcomorenovalley_com.png
aamco-councilbluffs,aamcomorganhill_com.png
aamco-councilbluffs,aamcomorristown_com.png
aamco-councilbluffs,aamcomorrisvillepa_com.png
aamco-councilbluffs,aamcomurraysouthsaltlakecity_com.png
aamco-councilbluffs,aamconewportnews_com.png
aamco-councilbluffs,aamconewwindsor_com.png
aamco-councilbluffs,aamconorthridgeca_com.png
aamco-councilbluffs,aamconorthtampa_com.png
aamco-councilbluffs,aamconorthwestfwy-houston_com.png
aamco-councilbluffs,aamconorwalk_com.png
aamco-councilbluffs,aamconsa_com.png
aamco-councilbluffs,aamcooaklandca_com.png
aamco-councilbluffs,aamcoofgreensboro_com.png
aamco-councilbluffs,aamcoofupland_com.png
aamco-councilbluffs,aamcooklahomacity-edmond_com.png
aamco-councilbluffs,aamcooklahomacity-northwest_com.png
aamco-councilbluffs,aamcooklahomacity-yukon_com.png
aamco-councilbluffs,aamcoorange_com.png
aamco-councilbluffs,aamcooverlandpark_com.png
aamco-councilbluffs,aamcoparkvillemd_com.png
aamco-councilbluffs,aamcopasadenaca_com.png
aamco-councilbluffs,aamcopasadenatx_com.png
aamco-councilbluffs,aamcopatchogue_com.png
aamco-councilbluffs,aamcopembroke_com.png
aamco-councilbluffs,aamcopennsaukennj_com.png
aamco-councilbluffs,aamcopeoria-az_com.png
aamco-councilbluffs,aamcophilly-frankfordave_com.png
aamco-councilbluffs,aamcophoenixcentral_com.png
aamco-councilbluffs,aamcophoenixmaryvale_com.png
aamco-councilbluffs,aamcophoenixnortheast_com.png
aamco-councilbluffs,aamcophoenixville_com.png
aamco-councilbluffs,aamcopinevillenc_com.png
aamco-councilbluffs,aamcopomonaca_com.png
aamco-councilbluffs,aamcopompanobeach_com.png
aamco-councilbluffs,aamcoportsmouthnh_com.png
aamco-councilbluffs,aamcopottstownpa_com.png
aamco-councilbluffs,aamcopuyallupwa_com.png
aamco-councilbluffs,aamcoraleigh-capitalblvd_com.png
aamco-councilbluffs,aamcoranchocucamonga_com.png
aamco-councilbluffs,aamcorandallstownmd_com.png
aamco-councilbluffs,aamcoreadingpa_com.png
aamco-councilbluffs,aamcoredlandsca_com.png
aamco-councilbluffs,aamcoreno_com.png
aamco-councilbluffs,aamcoreynoldsburgoh_com.png
aamco-councilbluffs,aamcoroanokeva_com.png
aamco-councilbluffs,aamcorochesterny_com.png
aamco-councilbluffs,aamcorockvillemd_com.png
aamco-councilbluffs,aamcoroslindalema_com.png
aamco-councilbluffs,aamcoroundrocktx_com.png
aamco-councilbluffs,aamcosalemor_com.png
aamco-councilbluffs,aamcosanbernardinoca_com.png
aamco-councilbluffs,aamcosandiego-miramar_com.png
aamco-councilbluffs,aamcosandiego-missionbay_com.png
aamco-councilbluffs,aamcosanrafaelca_com.png
aamco-councilbluffs,aamcosantaanaca_com.png
aamco-councilbluffs,aamcosantaclaritaca_com.png
aamco-councilbluffs,aamcosantacruzca_com.png
aamco-councilbluffs,aamcosantarosa_com.png
aamco-councilbluffs,aamcoscottsdaleairpark_com.png
aamco-councilbluffs,aamcoscottsdaleroad_com.png
aamco-councilbluffs,aamcoseattlewa_com.png
aamco-councilbluffs,aamcoseguin_com.png
aamco-councilbluffs,aamcosignalhill_com.png
aamco-councilbluffs,aamcosilverspringmd_com.png
aamco-councilbluffs,aamcosouthloopautorepair_com.png
aamco-councilbluffs,aamcosouthsarasota_com.png
aamco-councilbluffs,aamcosouthtampa_com.png
aamco-councilbluffs,aamcospokanevalleywa_com.png
aamco-councilbluffs,aamcospringfieldoh_com.png
aamco-councilbluffs,aamcospringfieldva_com.png
aamco-councilbluffs,aamcospringfield_com.png
aamco-councilbluffs,aamcostatenisland_com.png
aamco-councilbluffs,aamcostroudsburg_com.png
aamco-councilbluffs,aamcostuartfl_com.png
aamco-councilbluffs,aamcosuffolkva_com.png
aamco-councilbluffs,aamcosurprise_com.png
aamco-councilbluffs,aamcotemeculaca_com.png
aamco-councilbluffs,aamcotempe_com.png
aamco-councilbluffs,aamcotigard_com.png
aamco-councilbluffs,aamcotopekaks_com.png
aamco-councilbluffs,aamcotransmissionpensacola_com.png
aamco-councilbluffs,aamcotransmissionsknoxville-kingstonpike_com.png
aamco-councilbluffs,aamcotulsa-brokenarrow_com.png
aamco-councilbluffs,aamcotulsa-harvard_com.png
aamco-councilbluffs,aamcotulsa-memorial_com.png
aamco-councilbluffs,aamcotwinfalls_com.png
aamco-councilbluffs,aamcoutah_com.png
aamco-councilbluffs,aamcovancouver99_com.png
aamco-councilbluffs,aamcovictorvilleca_com.png
aamco-councilbluffs,aamcoviennava_com.png
aamco-councilbluffs,aamcovirginiabeachva_com.png
aamco-councilbluffs,aamcowalnutcreekca_com.png
aamco-councilbluffs,aamcowarrenmi_com.png
aamco-councilbluffs,aamcowarrentonva_com.png
aamco-councilbluffs,aamcowashingtondc_com.png
aamco-councilbluffs,aamcowebstertx_com.png
aamco-councilbluffs,aamcowestbroward_com.png
aamco-councilbluffs,aamcowestpalmbeach_com.png
aamco-councilbluffs,aamcowilliamsportpa_com.png
aamco-councilbluffs,aamcowintervillenc_com.png
aamco-councilbluffs,aamcowoodbridgeva_com.png
aamco-councilbluffs,aamcowoodstock-mainst_com.png
aamco-councilbluffs,aamcowsa_com.png
aamco-councilbluffs,aamcoypsilantimi_com.png
aamco-councilbluffs,aamcoyumaaz_com.png
aamco-newbraunfels,aamco-newbraunfels_com.png
aamcocollegestationtx,aamcocollegestationtx_com.png
aamcocollegestationtx,aamcoelpaso-east_com.png
aamcocollegestationtx,aamcokansascitysouth_com.png
aamcogreensburgpa,aamcogreensburgpa_com.png
aamcogreensburgpa,aamcotracyca_com.png
aamcoindependencemo,aamcoindependencemo_com.png
aamcooflascruces,aamcooflascruces_com.png
abc-autoglas,abc-autoglas_de.png
accelltherapy,accelltherapy_com_au.png
acetoolonline,acetoolonline_com.png
actemium,actemium_at.png
actemium,actemium_ch.png
actemium,actemium_com.png
actemium,actemium_com_br.png
actemium,actemium_de.png
actemium,actemium_id.png
actemium,actemium_it.png
actemium,actemium_ca.png
actemium,actemium_us.png
actemium,actemium_co_uk.png
actemium,actemium_es.png
actemium,actemium_pt.png
actemium,actemium_se.png
actemium,actemium_sk.png
acuraofpeabody,acuraofpeabody_com.png
acuraofwappingersfalls,acuraofwappingersfalls_com.png
adeccogroupfoundationus,adeccogroupfoundationus_org.png
adeccojapanese,adeccojapanese_asia.png
adeccojapanese,adecco_com_vn.png
adeccojapanese,adecco_co_th.png
adeccojapanese,adecco_rs.png
adecco,adecco_de.png
adlatus-nordwestschweiz,adlatus-nordwestschweiz_ch.png
adra,adra_nl.png
adra,adra_org_au.png
adra,adra_org_pe.png
adra,adra_org_rs.png
adra,adra_pl.png
adra,adra_sk.png
adra,alcirclebiz_com.png
adra,bakertillymlt_se.png
adra,bakertilly_cl.png
adra,bakertilly_com_cy.png
adra,bakertilly_uy.png
adra,bauder_at.png
adra,brother_cn.png
adra,cargoriga_ee.png
adra,cfmoto-larissa_gr.png
adra,cfmotoqueretaro_com.png
adra,cfmoto_com_br.png
adra,dfsk_tn.png
adra,engie-ecserwis_pl.png
adra,faesfarma_com_co.png
adra,hahn-kolb_mx.png
adra,job-impulse_es.png
adra,job-impulse_hu.png
adra,job-impulse_mx.png
adra,job-impulse_pt.png
adra,job-impulse_sk.png
adra,job-impulse_us.png
adra,kia-ci_com.png
adra,lamborghini-berlin_com.png
adra,lamborghini-frankfurt_com.png
adra,moog_co_uk.png
adra,moog_es.png
adra,moog_fr.png
adra,reallifeconcepts_co_za.png
adra,renault-argenteuil_fr.png
adra,rexel_se.png
adra,seqens_fi.png
adra,suttontools_co_nz.png
adra,tupperwarefiesta_com.png
adra,ubicast_tv.png
adra,wwf_at.png
advantisengineering,advantisengineering_com.png
advocaremorristownpediatrics,advocaremorristownpediatrics_com.png
advocaremorristownpediatrics,advocarenewbornnetwork_com.png
advocaremorristownpediatrics,advocarewdp_com.png
aeccglobal,aeccglobal_com_bd.png
aeccglobal,aeccglobal_co_id.png
aeccglobal,aeccglobal_lk.png
aeccglobal,aeccglobal_my.png
aeccglobal,aeccglobal_ng.png
aeccglobal,aeccglobal_sg.png
aeccglobal,aeccglobal_vn.png
affidea,affidea_pl.png
affinitynonprofits,affinitynonprofits_com.png
affinitynonprofits,aontravpro_com.png
affinitynonprofits,aon_lt.png
affinitynonprofits,aon_lv.png
africell,africell_ao.png
aiesecargentina,aiesecargentina_org.png
aiesecaustralia,aiesecaustralia_org.png
aiesec,aiesec_ba.png
aiesec,aiesec_gr.png
aiesec,aiesec_cl.png
aiesec,aiesec_org_es.png
aiesec,aiesec_my.png
ajas,ajas_cz.png
ajaxtocco,ajaxtocco_de.png
albatroslogistic,albatroslogistic_ma.png
algeco,algeco_at.png
algeco,algeco_pt.png
algeco,algeco_ro.png
algeco,algeco_si.png
algeco,algeco_be.png
algeco,algeco_cz.png
algeco,algeco_sk.png
allbranded,allbranded_de.png
allbranded,humanasecondhand_se.png
allbranded,lamannamovingny_com.png
allbranded,leekeswindows_co_uk.png
allbranded,malerasstockholm_se.png
allbranded,sackit_no.png
allbranded,toyotanorthedsa_com.png
allbranded,toyotasanpablo_com_ph.png
allbranded,worldvision_cl.png
allianz-genc,allianz-genc_de.png
allianz-peev,allianz-peev_de.png
allianz-rose,allianz-rose_info.png
allianzim,allianzim_com.png
allianzlifebali,allianzlifebali_com.png
allianzlifechanger,allianzlifechanger_com.png
allianz,allianz_com_ar.png
allianz,allianz_com_gr.png
allianz,allianz_ie.png
altriusconsulting,altriusconsulting_com.png
amnestyghana,amnestyghana_org.png
amnestyghana,amnesty_org_ng.png
amnesty,amnesty_eu.png
amnesty,amnesty_hu.png
amnesty,amnesty_id.png
amnesty,amnesty_lu.png
amnesty,amnesty_org_ph.png
ampersand-world,ampersand-world_com.png
amphenolaudio,amphenolaudio_com.png
amtrakvacations,amtrakvacations_com_au.png
amway,amway_ca.png
amway,amway_com_do.png
analytik-jena,analytik-jena_fr.png
analytik-jena,analytik-jena_ru.png
anderson-negele-gmbh,anderson-negele-gmbh_ru.png
andre-media,andre-media_it.png
anotherbrokeneggfranchise,anotherbrokeneggfranchise_com.png
aonassurances,aonassurances_com.png
aonhewitt,aonhewitt_com_cy.png
aonhewitt,aonsolutions_com_cy.png
aonhewitt,aonsolutions_com_tr.png
aonhewitt,aonsolutions_gr.png
aon,aon_co_nz.png
apexdynamicsgermany,apexdynamicsgermany_de.png
applebees,applebees_com_gt.png
ardex-france,ardex-france_fr.png
ardex-france,ardex_de.png
ardex-france,ardex_dk.png
ardex-france,ardex_eu.png
ardexamericas,ardexamericas_com.png
ardex,ardex_at.png
ardex,ardex_com_tw.png
ardex,ardex_pl.png
arkaybeverages,arkaybeverages_com.png
asendiausa,asendiausa_com.png
asendiausa,asendia_at.png
asendiausa,asendia_co_uk.png
asendiausa,asendia_de.png
asendiausa,asendia_dk.png
asendiausa,asendia_es.png
asendiausa,asendia_it.png
asendiausa,asendia_se.png
asendiausa,asendia_sg.png
aspenpharma,aspenpharma_es.png
astrazeneca,astrazeneca_ca.png
astrazeneca,astrazeneca_com_tr.png
astrazeneca,astrazeneca_dk.png
astrazeneca,astrazeneca_hu.png
astrazeneca,astrazeneca_no.png
astrazeneca,astrazeneca_pt.png
astrazeneca,astrazeneca_ua.png
astrazeneca,astrazeneca_com_hk.png
astreitalia,astreitalia_it.png
atalian,atalian_be.png
atalian,atalian_com_tr.png
atalian,atalian_cz.png
atalian,atalian_lu.png
atalian,atalian_sk.png
atalian,atalian_nl.png
atalian,atalian_pl.png
atalian,atalian_sg.png
attijariwafabank,attijariwafabank_com_eg.png
avia-belgomine,avia-belgomine_be.png
avia-ramonville,avia-ramonville_fr.png
avia-unimot,avia-unimot_com_ua.png
aviabienert,aviabienert_de.png
avia,avia_ch.png
avia,avia_hu.png
avia,avia_nl.png
avis-tahiti,avis-tahiti_com.png
avis-taiwan,avis-taiwan_com.png
avisng,avisng_com.png
avispl,avispl_de.png
avis,avis_com_do.png
avis,avis_com_ph.png
avis,avis_co_mw.png
avis,avis_nc.png
avon,avon_com_sa.png
avon,avon_co_mu.png
axa-assistance,axa-assistance_ma.png
axa,axa_dz.png
axa,axa_ma.png
azets,azets_ie.png
babble,babble_com.png
babgencel,babgencel_de.png
bakertilly,bakertilly_ba.png
bakertilly,bakertilly_bg.png
bakertilly,bakertilly_com_kh.png
bakertilly,bakertilly_com_pa.png
bakertilly,bakertilly_com_ve.png
bakertilly,bakertilly_ke.png
bakertilly,bakertilly_pk.png
bakertilly,bakertilly_ec.png
bakertilly,bakertilly_fr.png
bakertilly,bakertilly_lk.png
bakertilly,bakertilly_mt.png
bakertilly,bakertilly_site.png
batistareisfloresonline,batistareisfloresonline_com_br.png
bauder,bauder_ag.png
bauermedia,bauermedia_no.png
bauwerk-group,bauwerk-group_hr.png
baywa-re,baywa-re_com_au.png
baywa-re,baywa-re_co_kr.png
baywa-re,baywa-re_es.png
baywa-re,baywa-re_fr.png
baywa-re,baywa-re_mx.png
baywa-re,baywa-re_pl.png
baywa-re,baywa-re_vn.png
bbraun-vetcare,bbraun-vetcare_nl.png
bbraun-vetcare,bbraun-vetcare_pt.png
bbraun-vetcare,bbraun_ae.png
bbraun-vetcare,bbraun_bg.png
bbraun-vetcare,bbraun_ca.png
bbraun-vetcare,bbraun_cl.png
bbraun-vetcare,bbraun_cn.png
bbraun-vetcare,bbraun_co.png
bbraun-vetcare,bbraun_com_ar.png
bbraun-vetcare,bbraun_com_br.png
bbraun-vetcare,bbraun_com_py.png
bbraun-vetcare,bbraun_com_tr.png
bbraun-vetcare,bbraun_com_tw.png
bbraun-vetcare,bbraun_com_vn.png
bbraun-vetcare,bbraun_co_in.png
bbraun-vetcare,bbraun_co_kr.png
bbraun-vetcare,bbraun_co_th.png
bbraun-vetcare,bbraun_co_uk.png
bbraun-vetcare,bbraun_co_za.png
bbraun-vetcare,bbraun_cz.png
bbraun-vetcare,bbraun_dk.png
bbraun-vetcare,bbraun_ec.png
bbraun-vetcare,bbraun_fi.png
bbraun-vetcare,bbraun_hr.png
bbraun-vetcare,bbraun_hu.png
bbraun-vetcare,bbraun_lt.png
bbraun-vetcare,bbraun_lv.png
bbraun-vetcare,bbraun_mx.png
bbraun-vetcare,bbraun_no.png
bbraun-vetcare,bbraun_pe.png
bbraun-vetcare,bbraun_ph.png
bbraun-vetcare,bbraun_pk.png
bbraun-vetcare,bbraun_pt.png
bbraun-vetcare,bbraun_ro.png
bbraun-vetcare,bbraun_rs.png
bbraun-vetcare,bbraun_se.png
bbraun,bbraun_be.png
bbraun,bbraun_nl.png
bbraun,bbraun_ru.png
bcurelaser,bcurelaser_com.png
bcurelaser,bcurelaser_co_il.png
bees-sport,bees-sport_nl.png
benlomondinc,benlomondinc_com.png
benu,benu_nl.png
berlitz-augsburg,berlitz-augsburg_de.png
berlitz-bahrain,berlitz-bahrain_com.png
berlitz-dublin,berlitz-dublin_ie.png
berlitz-dublin,berlitzmanchester_com.png
berlitzph,berlitzph_com.png
berlitz,berlitz_com_py.png
besins-healthcare,besins-healthcare_com_mx.png
besins-healthcare,besins-healthcare_nl.png
besins-healthcare,besins-healthcare_se.png
bestdrive,bestdrive_fi.png
bestdrive,bestdrive_pl.png
bestdrive,bestdrive_se.png
bestrucksofmn,bestrucksofmn_net.png
bestwesternbraddock,bestwesternbraddock_com.png
billygraham,billygraham_ca.png
bimedacanada,bimedacanada_com.png
bimedacanada,bimedasuramerica_com.png
bimedaus,bimedaus_com.png
bimeda,bimeda_ie.png
bioderma-sk,bioderma-sk_com.png
bioderma,bioderma_ec.png
bioderma,bioderma_pl.png
biolchim,biolchim_com_br.png
biothanesolutions,biothanesolutions_com.png
biothanesolutions,krugerkaldnes_no.png
biothanesolutions,veoliawatertechnologies_de.png
biothanesolutions,veoliawatertechnologies_es.png
biothanesolutions,veoliawatertechnologies_fi.png
biothanesolutions,veoliawatertechnologies_fr.png
biothanesolutions,veoliawatertechnologies_it.png
biothanesolutions,veoliawatertechnologies_pl.png
biothanesolutions,veoliawatertech_com.png
biothanesolutions,veolia_am.png
biothanesolutions,veolia_be.png
biothanesolutions,veolia_bg.png
biothanesolutions,veolia_cn.png
biothanesolutions,veolia_com_gh.png
biothanesolutions,veolia_com_ru.png
biothanesolutions,veolia_com_sg.png
biothanesolutions,veolia_co_uk.png
biothanesolutions,veolia_co_za.png
biothanesolutions,veolia_cz.png
biothanesolutions,veolia_de.png
biothanesolutions,veolia_fi.png
biothanesolutions,veolia_fr.png
biothanesolutions,veolia_ie.png
biothanesolutions,veolia_in.png
biothanesolutions,veolia_jp.png
biothanesolutions,veolia_ma.png
biothanesolutions,veolia_nl.png
biothanesolutions,veolia_sk.png
biothanesolutions,vwswestgarth_com.png
bluecardagency,bluecardagency_ru.png
bmw-motorrad-euromotos-lyon,bmw-motorrad-euromotos-lyon_fr.png
bnpparibasdeveloppement,bnpparibasdeveloppement_com.png
bonprix-fl,bonprix-fl_be.png
bonprix,bonprix_co_uk.png
bosch-climate,bosch-climate_com_tr.png
bosch-homecomfortgroup,bosch-homecomfortgroup_com.png
bosch-homecomfort,bosch-homecomfort_com.png
bosch-industrial,bosch-industrial_com.png
bosch-industry-consulting,bosch-industry-consulting_com.png
bosch-wohnungsgesellschaft,bosch-wohnungsgesellschaft_de.png
bowlero,bowlero_mx.png
boxful,boxful_com_tw.png
brother-industrial,brother-industrial_com.png
brother-industrial,brother-industrial_md.png
brother-slovakia,brother-slovakia_sk.png
budatec,budatec_de.png
budget-egypt,budget-egypt_com.png
budget-egypt,budgetinternational_com.png
budget-egypt,budgetoman_com.png
budget-egypt,budgetqatar_com.png
budget-egypt,budget_bg.png
budget-egypt,budget_co_ao.png
budget-ireland,budget-ireland_co_uk.png
budgetglacier,budgetglacier_com.png
budget,budget_com_do.png
budget,budget_rs.png
buffalotours,buffalotours_es.png
buydaikin,buydaikin_ro.png
buydaikin,daikinitalyshop_it.png
camesoluciones,camesoluciones_com.png
canonburgos,canonburgos_com.png
canon,canon_cl.png
captrain,captrain_pl.png
cardif,cardif_pl.png
carglass,carglass_dk.png
carglass,carglass_ee.png
carglass,carglass_hu.png
carglass,carglass_ma.png
carglass,carglass_re.png
carlsjr-russia,carlsjr-russia_ru.png
carlsjr,carlsjr_com_my.png
carlsjr,carlsjr_com_tr.png
carlsjr,carlsjr_co_nz.png
carter-benson,carter-benson_com.png
casaaurorasupermercados,casaaurorasupermercados_com_br.png
caspak,caspak_co_nz.png
castsoftware,castsoftware_it.png
catsprotectionshop,catsprotectionshop_co_uk.png
ccusa,ccusa_ca.png
ccusa,ccusa_com_au.png
ccusa,ccusa_co_nz.png
ccusa,ccusa_co_uk.png
ccusa,ccusa_co_za.png
ccusa,ccusa_cz.png
ccusa,ccusa_hu.png
ccusa,ccusa_nl.png
ccusa,ccusa_sk.png
cdlcampina,cdlcampina_org_br.png
cdlcuritiba,cdlcuritiba_org_br.png
cdljatai,cdljatai_com_br.png
cdljovem,cdljovem_org_br.png
cdlniteroi,cdlniteroi_com_br.png
cdltresrios,cdltresrios_com_br.png
cdlvideira,cdlvideira_com_br.png
cdlvitoria,cdlvitoria_com_br.png
cdu-aldenhoven,cdu-aldenhoven_de.png
cdvielectronics,cdvielectronics_com.png
cdvielectronics,cdviplastics_com.png
cedstone,cedstone_ca.png
cfmotobenelux,cfmotobenelux_eu.png
cfmotoitaly,cfmotoitaly_it.png
cfmotoperu,cfmotoperu_com.png
cgparivarconstruction,cgparivarconstruction_com.png
chauffeurstelefoon,chauffeurstelefoon_nl.png
chicco,chicco_ch.png
chicco,chicco_com_mx.png
chicco,chicco_com_ph.png
chicco,chicco_com_tr.png
chicco,chicco_com_tw.png
chicco,chicco_pl.png
chicco,chicco_ru.png
chicco,chicco_co_nz.png
childrenandteendentalfl,childrenandteendentalfl_com.png
chip,chip_pl.png
chubblifefund,chubblifefund_com_vn.png
cinnabon-ksa,cinnabon-ksa_com.png
cinnabonrussia,cinnabonrussia_com.png
cinnabonrussia,cinnabon_pk.png
cinnabon,cinnabon_ca.png
cinnabon,cinnabon_mx.png
cinnabon,cinnabon_co_za.png
citychain,citychain_co_th.png
clarksonhyde,clarksonhyde_it.png
clearblueionizer,clearblueionizer_be.png
cleijsenautoschadegoirle,cleijsenautoschadegoirle_nl.png
coffeesmith,coffeesmith_com_sg.png
colorflexpackaging,colorflexpackaging_com.png
compo-group,compo-group_com.png
compo-group,compo-hobby_it.png
compo-group,compo_es.png
compo-group,compo_pl.png
compo,compo_de.png
countryroadsford,countryroadsford_net.png
cpi-print,cpi-print_com.png
crocs,crocs_ch.png
crocs,crocs_com_ec.png
crocs,crocs_co_id.png
cubcadet,cubcadet_fr.png
culligandenkerwaterconditioning,culligandenkerwaterconditioning_com.png
culligandenkerwaterconditioning,culliganwatercorrections_com.png
culligandesmoines,culligandesmoines_com.png
culliganredwing,culliganredwing_com.png
culliganreno,culliganreno_com.png
cuponesybeneficios,cuponesybeneficios_com_co.png
customneon,customneon_com_au.png
cvjm-augsburg,cvjm-augsburg_de.png
cvjm-hemer,cvjm-hemer_de.png
cvjm-muensingen,cvjm-muensingen_de.png
cvjm-nuembrecht,cvjm-nuembrecht_de.png
cvjm-pfalz,cvjm-pfalz_de.png
cyclecarriage,cyclecarriage_com.png
dahmira,dahmira_kz.png
daikin-china,daikin-china_com_cn.png
daikin-korea,daikin-korea_co_kr.png
daikin-korea,daikinchemicals_com.png
daikin-korea,daikinchemicals_co_th.png
daikincareers,daikincareers_com.png
daikineastafrica,daikineastafrica_com.png
daikinmalaysia,daikinmalaysia_com.png
daikinmalaysia,daikin_com_mm.png
daikintexastechnologypark,daikintexastechnologypark_com.png
daikin,daikin_com_sg.png
daikin,daikin_com_vn.png
daikin,daikin_ge.png
dairyqueenobx,dairyqueenobx_com.png
de-heus,de-heus_nl.png
de-heus,deheus_co_in.png
de-heus,deheus_pl.png
de-heus,deheus_pt.png
de-heus,deheus_rs.png
decathlonkz,decathlonkz_com.png
decathlon,decathlon_com_br.png
decathlon,decathlon_hu.png
decathlon,decathlon_com_kh.png
decathlon,decathlon_com_tr.png
decathlon,decathlon_cz.png
decathlon,decathlon_ro.png
deheus,deheus_com_vn.png
deheus,deheus_id.png
demeter-bw,demeter-bw_de.png
demeterschmid,demeterschmid_de.png
demeter,demeter_at.png
demeter,demeter_ch.png
dennert,dennert_pl.png
deprag,deprag_cz.png
dertour,dertour_sk.png
designmehair,designmehair_cz.png
desjoyauxgh,desjoyauxgh_com.png
desjoyaux,desjoyaux_com_cn.png
desjoyaux,desjoyaux_de.png
despat,despat_com.png
deswam,deswam_in.png
dhirajsonsonline,dhirajsonsonline_com.png
diamond,diamond_co_id.png
dicetek,dicetek_us.png
digi-intl,digi-intl_co_jp.png
dilmahtea,dilmahtea_co_uk.png
dmcihomes,dmcihomes_jp.png
dolcevita,dolcevita_ca.png
domcortraffic,domcortraffic_ca.png
dopplerumbrellas,dopplerumbrellas_com_au.png
drekopf-kanalservice,drekopf-kanalservice_de.png
dulux,dulux_co_zw.png
durableonline,durableonline_com_sg.png
duracell,duracell_com_tr.png
duracell,duracell_co_za.png
duracell,duracell_es.png
duracell,duracell_fr.png
duracell,duracell_in.png
duracell,duracell_it.png
duracell,duracell_pl.png
duracleancarpet,duracleancarpet_com.png
duracleanmaine,duracleanmaine_com.png
duracleanrestoration,duracleanrestoration_com.png
duracleanrestoration,duracleanservicebybob_com.png
duracleanservices,duracleanservices_net.png
duracleanservices,duraclean_net.png
duracleanservices,duraclean_us.png
dysartsservicecenter,dysartsservicecenter_com.png
ebay,ebay_cn.png
ebay,ebay_com_tw.png
ecaas,ecaas_com.png
ecochillers,ecochillers_net.png
ecotec-usa,ecotec-usa_com.png
edenredrewards,edenredrewards_co_in.png
edenred,edenred_cl.png
edenred,edenred_com_uy.png
edenred,edenred_pl.png
educab,educab_com_au.png
eftech-international,eftech-international_com.png
einhell,einhell_ba.png
einhell,einhell_bg.png
einhell,einhell_ch.png
einhell,einhell_com_ar.png
einhell,einhell_com_gr.png
einhell,einhell_com_tr.png
einhell,einhell_co_uk.png
einhell,einhell_cz.png
einhell,einhell_de.png
einhell,einhell_dk.png
einhell,einhell_fi.png
einhell,einhell_hr.png
einhell,einhell_nl.png
einhell,einhell_rs.png
einhell,einhell_pl.png
ekartlogistics,ekartlogistics_in.png
elderhouseadc,elderhouseadc_com.png
electrolux,electrolux_com_mx.png
engenmauritius,engenmauritius_com.png
engie-africa,engie-africa_com.png
engieresources,engieresources_com.png
engie,engie_cl.png
engie,engie_com_au.png
engie,engie_nl.png
engie,engie_pt.png
entergy-arkansas,entergy-arkansas_com.png
entergy-arkansas,entergy-louisiana_com.png
entergy-arkansas,entergy-mississippi_com.png
entergy-arkansas,entergy-neworleans_com.png
entergy-arkansas,entergy-texas_com.png
entergy-arkansas,entergynewsroom_com.png
entergy-nuclear,entergy-nuclear_com.png
enterpriserentacar,enterpriserentacar_bg.png
enterpriserentacar,enterpriserentacar_pl.png
enterprise,enterprise_ae.png
enterprise,enterprise_dk.png
enterprise,enterprise_se.png
enterprise,enterprise_si.png
enterprise,enterprise_com_ar.png
equansservices,equansservices_com.png
equansservices,equans_cl.png
equansservices,equans_co.png
equansservices,equans_cz.png
equansservices,equans_lu.png
equans,equans_hu.png
ercagroup,ercagroup_com_tr.png
eresrelocation,eresrelocation_es.png
esseskincare,esseskincare_co_uk.png
esseskincare,esseskincare_dk.png
esseskincare,esseskincare_fi.png
esseskincare,esseskincare_hk.png
esseskincare,esseskincare_nl.png
esseskincare,esseskincare_no.png
esseskincare,esseskincare_se.png
esseskincare,esseskincare_sg.png
etxt,etxt_biz.png
eurofinsfoodtesting,eurofinsfoodtesting_com.png
eurofinsfoodtesting,eurofinsfoodtesting_nl.png
eurofins,eurofins_at.png
eurofins,eurofins_hr.png
euromaster,euromaster_cz.png
europa-union-bremen,europa-union-bremen_de.png
europa-union-bremen,europa-union-havelland_de.png
europa-union-bremen,europa-union-hessen_de.png
europa-union-bremen,europa-union-kassel_de.png
europa-union-bremen,europa-union-niedersachsen_de.png
europa-union-bremen,europa-union-sachsen-anhalt_de.png
europa-union-bremen,europa-union-sachsen_de.png
europa-union-bremen,europa-union-thueringen_de.png
europa-union-diepholz,europa-union-diepholz_de.png
europcar,europcar_me.png
europcar,europcar_rs.png
eurotradus,eurotradus_eu.png
exertisztorm,exertisztorm_com.png
extremeadventureraces,extremeadventureraces_com.png
fainvestors,fainvestors_com.png
fattalhotelgroup,fattalhotelgroup_com.png
fitness4homesuperstore,fitness4homesuperstore_com.png
flashbay,flashbay_ca.png
flashbay,flashbay_com_my.png
flashbay,flashbay_co_nz.png
flashbay,flashbay_es.png
flashbay,flashbay_fi.png
flashbay,flashbay_fr.png
flashbay,flashbay_hu.png
flashbay,flashbay_no.png
flashbay,flashbay_pt.png
fleishmanhillard,fleishmanhillard_cn.png
fleishmanhillard,fleishmanhillard_com_br.png
fleishmanhillard,fleishmanhillard_co_id.png
fleishmanhillard,fleishmanhillard_co_th.png
fleishmanhillard,fleishmanhillard_cz.png
fleishmanhillard,fleishmanhillard_ie.png
fleishmanhillard,fleishmanhillard_mx.png
fleishmanhillard,fleishmanhillard_ph.png
flesan,flesan_com_pe.png
fluidmasteruk,fluidmasteruk_com.png
fmc-mexico,fmc-mexico_com.png
fmc-symposium,fmc-symposium_cz.png
fordmediacenter,fordmediacenter_nl.png
fortprousa,fortprousa_com.png
fosterfarmsfoodservice,fosterfarmsfoodservice_com.png
foxinaboxbrisbane,foxinaboxbrisbane_com.png
foxinaboxgoldcoast,foxinaboxgoldcoast_com.png
foxinaboxgraz,foxinaboxgraz_at.png
foxinaboxmiami,foxinaboxmiami_com.png
foxinaboxzutphen,foxinaboxzutphen_com.png
foxinabox,foxinabox_mx.png
freeportwestselfstorage,freeportwestselfstorage_com.png
freseniuskidneycare,freseniuskidneycare_asia.png
freseniuskidneycare,freseniuskidneycare_au.png
freseniuskidneycare,freseniuskidneycare_ph.png
freseniuskidneycare,freseniuskidneycare_cn.png
freseniusmedicalcare,freseniusmedicalcare_ca.png
fronticsamerica,fronticsamerica_com.png
furuno,furuno_co_uk.png
furuno,furuno_fr.png
furuno,furuno_it.png
furuno,furuno_gr.png
future-x,future-x_at.png
getscsadmin,getscsadmin_com.png
glintinc,glintinc_com.png
goliathgames,goliathgames_de.png
goliathgames,goliathgames_es.png
gotchateausa,gotchateausa_com.png
gracehomes,gracehomes_us.png
grantthornton,grantthornton_az.png
grantthornton,grantthornton_bg.png
grantthornton,grantthornton_ci.png
grantthornton,grantthornton_com_pa.png
grantthornton,grantthornton_com_sv.png
grantthornton,grantthornton_com_ve.png
grantthornton,grantthornton_co_im.png
grantthornton,grantthornton_do.png
grantthornton,grantthornton_tn.png
greatplacetowork,greatplacetowork_at.png
greatplacetowork,greatplacetowork_ch.png
greatplacetowork,greatplacetowork_com_tr.png
greatplacetowork,greatplacetowork_cn.png
greatplacetowork,greatplacetowork_com_au.png
greatplacetowork,greatplacetowork_com_sg.png
greatplacetowork,greatplacetowork_com_vn.png
greatplacetowork,greatplacetowork_es.png
greatplacetowork,greatplacetowork_fr.png
greatplacetowork,greatplacetowork_gr.png
greatplacetowork,greatplacetowork_mu.png
greatplacetowork,greatplacetowork_se.png
grupointexa,grupointexa_co.png
gs1al,gs1al_org.png
gs1ec,gs1ec_org.png
gs1hr,gs1hr_org.png
gs1hu,gs1hu_org.png
gs1lt,gs1lt_org.png
gs1mt,gs1mt_org.png
gs1my,gs1my_org.png
gs1sk,gs1sk_org.png
gs1tn,gs1tn_org.png
gs1,gs1_at.png
gs1,gs1_dk.png
gs1,gs1_org_bo.png
gs1,gs1_ro.png
gulf-japan,gulf-japan_com.png
gulfcombustibles,gulfcombustibles_com.png
gulfcombustibles,gulf_com_mk.png
gulfcombustibles,gulf_no.png
gulfoilltd,gulfoilltd_com.png
gulfsverige,gulfsverige_com.png
gulf,gulf_lu.png
gwaliasweets,gwaliasweets_ca.png
h2oinnovation,h2oinnovation_mx.png
habitatbroward,habitatbroward_org.png
habitatcoosavalley,habitatcoosavalley_org.png
habitatindiana,habitatindiana_org.png
habitativ,habitativ_org.png
habitatmichigan,habitatmichigan_org.png
habitatns,habitatns_ca.png
habitatstl,habitatstl_org.png
habitatvietnam,habitatvietnam_org.png
hannainst,hannainst_hr.png
harigmfg,harigmfg_com.png
hawaiifamilydentalcareers,hawaiifamilydentalcareers_com.png
hendersonkyedc,hendersonkyedc_com.png
hennessyfunds,hennessyfunds_com.png
hertz-autopozicovna,hertz-autopozicovna_sk.png
hertz-autopozicovna,hertz-autopujcovna_cz.png
hertz-tilburg,hertz-tilburg_nl.png
hertzhn,hertzhn_com.png
hertz,hertz_am.png
hertz,hertz_com_ge.png
hertz,hertz_com_do.png
hertz,hertz_yt.png
heydudeshoes,heydudeshoes_es.png
holidayland-friedrichshafen,holidayland-friedrichshafen_de.png
holidayland-sanktwendel,holidayland-sanktwendel_de.png
holidayland-wunstorf,holidayland-wunstorf_de.png
hometowninsurance,hometowninsurance_us.png
honda-autoland,honda-autoland_com.png
honda-autoland,hondasemarangcenter_com.png
honda-nig,honda-nig_com.png
hondabintang,hondabintang_com.png
hondaheritagecenter,hondaheritagecenter_com.png
hondamurcia,hondamurcia_com.png
hondamurcia,hondasevilla_net.png
hondatygerberg,hondatygerberg_co_za.png
honda,honda_com_hk.png
howdenagents,howdenagents_gr.png
howdenagents,howdengroupholdings_com.png
howdenagents,howdensafetysolutions_com.png
howdenagents,howdentiger_com.png
howdenoze,howdenoze_pl.png
howden,howden_co_il.png
hps-guns,hps-guns_de.png
hsbcsaudi,hsbcsaudi_com.png
husse,husse_hu.png
hydroscand,hydroscand_co_ua.png
hyundaicentralsales,hyundaicentralsales_com.png
hyundaigatineau,hyundaigatineau_ca.png
hyundaiofchatham,hyundaiofchatham_ca.png
hyundaitgv,hyundaitgv_ro.png
hyundai,hyundai_sn.png
icafalinmobiliaria,icafalinmobiliaria_cl.png
idealindustries,idealindustries_cn.png
ilmercatoambacht,ilmercatoambacht_nl.png
immunospot,immunospot_eu.png
implantcenter-dentistry,implantcenter-dentistry_co_uk.png
indianmotorcyclesturgis,indianmotorcyclesturgis_com.png
indianmotorcycle,indianmotorcycle_com_ar.png
inductothermgroup,inductothermgroup_com_br.png
inductothermgroup,inductothermgroup_jp.png
inductothermgroup,inductothermhw_com.png
inductotherm,inductotherm_com_au.png
inductotherm,repsolsolgas_com.png
inductotherm,ymcalouisville_org.png
inhuntworld,inhuntworld_com.png
innolytics,innolytics_net.png
insize,insize_com_br.png
internationalsos,internationalsos_co_jp.png
intersport-alpedhuez,intersport-alpedhuez_com.png
intersport-arc1950,intersport-arc1950_com.png
intersport-arc1950,intersport-arc2000_com.png
intersport-arc1950,intersport-arvieux_com.png
intersport-arc1950,intersport-courchevel1550_com.png
intersport-arc1950,intersport-courchevel1850_com.png
intersport-arc1950,intersport-grandbornand_com.png
intersport-arc1950,intersport-lesrousses_com.png
intersport-arc1950,intersport-risoul_com.png
intersport-crestvoland,intersport-crestvoland_com.png
intersport-gros,intersport-gros_de.png
intersport-martinique-guadeloupe,intersport-martinique-guadeloupe_fr.png
intersport-rent,intersport-rent_fr.png
intersport,intersport_com_cy.png
intersport,intersport_hr.png
intersport,intersport_nl.png
intersport,intersport_si.png
intertongn,intertongn_es.png
isic,isic_bg.png
isic,isic_de.png
isic,isic_fr.png
islprgac,islprgac_org.png
isover,isover_at.png
isover,isover_de.png
isover,isover_sk.png
isover,isover_be.png
isover,isover_com_br.png
isover,isover_se.png
isover,isover_com_ar.png
isover,isover_co_kr.png
isover,isover_cz.png
isover,isover_fi.png
isover,isover_hu.png
isover,isover_it.png
isover,isover_ua.png
isuzu-vietnam,isuzu-vietnam_com.png
isuzu-vietnam,isuzuhanoi_com.png
isuzubarcs,isuzubarcs_hu.png
isuzubarcs,isuzugyor_hu.png
isuzuniaga,isuzuniaga_com.png
isuzu,isuzu_com.png
isuzu,isuzu_net_my.png
janegal,janegal_sk.png
jdimmigration,jdimmigration_es.png
job-impulse,job-impulse_co_jp.png
jscosccha,jscosccha_com.png
julis-bayern,julis-bayern_de.png
julis-mfr,julis-mfr_de.png
julis-mfr,julis-nuernberg_de.png
julis-muenchen,julis-muenchen_de.png
julis-rhein-berg,julis-rhein-berg_de.png
julis-sachsenanhalt,julis-sachsenanhalt_de.png
julis-sh,julis-sh_de.png
k-startupcenter,k-startupcenter_org.png
kalorimeta-singen,kalorimeta-singen_de.png
kantar,kantar_com_tw.png
kapanfastigheter,kapanfastigheter_se.png
katyawilliamsbridal,katyawilliamsbridal_com.png
kawasaki-center-koeln,kawasaki-center-koeln_de.png
kawasaki-center-koeln,kawasaki-herzog_de.png
kawasaki-center-koeln,kawasaki-magdeburg_de.png
kawasaki-center-koeln,kawasaki-seufert_de.png
keasyfit,keasyfit_it.png
keika-c,keika-c_ed_jp.png
kelloggs,kelloggs_fr.png
kelloggs,kelloggs_gr.png
kelloggs,kelloggs_it.png
kelloggs,kelloggs_no.png
kern-liebers,kern-liebers_it.png
kesz,kesz_rs.png
kewpie,kewpie_com_sg.png
keytitlegroupsa,keytitlegroupsa_com.png
kia-ahs-roehrnbach,kia-ahs-roehrnbach_de.png
kia-ahs-roehrnbach,kia-auto-center-weiterstadt_de.png
kia-ahs-roehrnbach,kia-bachmann-wehretal_de.png
kia-ahs-roehrnbach,kia-bender-coburg_de.png
kia-ahs-roehrnbach,kia-brass-frankfurt_de.png
kia-ahs-roehrnbach,kia-brueggemann-brandenburg_de.png
kia-ahs-roehrnbach,kia-brueggemann-neubrandenburg_de.png
kia-ahs-roehrnbach,kia-burian-celle_de.png
kia-ahs-roehrnbach,kia-car-center-wismar_de.png
kia-ahs-roehrnbach,kia-christ-ansbach_de.png
kia-ahs-roehrnbach,kia-daehn-goeritz_de.png
kia-ahs-roehrnbach,kia-diamant-wiesbaden_de.png
kia-ahs-roehrnbach,kia-dresen-neuss_de.png
kia-ahs-roehrnbach,kia-ds-lampertheim_de.png
kia-ahs-roehrnbach,kia-duerkop-hannover_de.png
kia-ahs-roehrnbach,kia-ebner-baienfurt_de.png
kia-ahs-roehrnbach,kia-engbert-datteln_de.png
kia-ahs-roehrnbach,kia-etehad-halstenbek_de.png
kia-ahs-roehrnbach,kia-fischer-cottbus_de.png
kia-ahs-roehrnbach,kia-fischer-muenchberg_de.png
kia-ahs-roehrnbach,kia-fugel-dresden_de.png
kia-ahs-roehrnbach,kia-gj-remagen-rolandseck_de.png
kia-ahs-roehrnbach,kia-gorny-eislingen_de.png
kia-ahs-roehrnbach,kia-guenther-dingelstaedt_de.png
kia-ahs-roehrnbach,kia-h-p-schiffweiler_de.png
kia-ahs-roehrnbach,kia-hoff-trier_de.png
kia-ahs-roehrnbach,kia-hotz-gardelegen_de.png
kia-ahs-roehrnbach,kia-jaeger-bevern_de.png
kia-ahs-roehrnbach,kia-koenig-teltow_de.png
kia-ahs-roehrnbach,kia-kroppen-herten_de.png
kia-ahs-roehrnbach,kia-kurt-recklinghausen_de.png
kia-ahs-roehrnbach,kia-lange-gosen_de.png
kia-ahs-roehrnbach,kia-levy-wittenberg_de.png
kia-ahs-roehrnbach,kia-maier-cham_de.png
kia-ahs-roehrnbach,kia-moeller-eisenach_de.png
kia-ahs-roehrnbach,kia-moeller-wunstorf_de.png
kia-ahs-roehrnbach,kia-mueller-genthin_de.png
kia-ahs-roehrnbach,kia-penning-zetelneuenburg_de.png
kia-ahs-roehrnbach,kia-poeschl-bensheim_de.png
kia-ahs-roehrnbach,kia-sauter-albstadt_de.png
kia-ahs-roehrnbach,kia-schmid-hoehenkirchen_de.png
kia-ahs-roehrnbach,kia-schunke-aurich_de.png
kia-ahs-roehrnbach,kia-settele-neu-ulm_de.png
kia-ahs-roehrnbach,kia-strehle-dresden_de.png
kia-ahs-roehrnbach,kia-suedmobile-radolfzell_de.png
kia-ahs-roehrnbach,kia-telke-badschlema_de.png
kia-ahs-roehrnbach,kia-trinkle-schorndorf_de.png
kia-ahs-roehrnbach,kia-vogt-finningen_de.png
kia-ahs-roehrnbach,kia-wandscher-oldenburg_de.png
kia-ahs-roehrnbach,kia_co_mz.png
kia-asc,kia-asc_ru.png
kia-asc,kia-autoprodix_ru.png
kia-asc,kia-crimea_ru.png
kia-bandung,kia-bandung_com.png
kia-beyschlag,kia-beyschlag_at.png
kia-beyschlag,kia-exner_de.png
kia-chita,kia-chita_ru.png
kia-kmv,kia-kmv_ru.png
kia-mouscron,kia-mouscron_be.png
kia-plt,kia-plt_ru.png
kiacoldlake,kiacoldlake_com.png
kiairaqnim,kiairaqnim_com.png
kiamotors,kiamotors_com_kh.png
kiaofwestburlington,kiaofwestburlington_com.png
kiaonline,kiaonline_dk.png
kiatorun,kiatorun_pl.png
kiavacaville,kiavacaville_com.png
kia,kia_com_co.png
kia,kia_pt.png
kia,kia_com_cy.png
kia,kia_com_ni.png
kia,kia_com_np.png
kierpensions,kierpensions_co_uk.png
kilewswest,kilewswest_com.png
kind-der-stadt,kind-der-stadt_at.png
kokuyo-furniture,kokuyo-furniture_com_my.png
komoder,komoder_md.png
krofian,krofian_de.png
kuestarubber,kuestarubber_com.png
kumonla,kumonla_com.png
kumonshuppan,kumonshuppan_com.png
kumon,kumon_cl.png
kumon,kumon_com_ar.png
kumon,kumon_com_bo.png
kumon,kumon_com_co.png
kumon,kumon_com_pe.png
kumon,kumon_com_uy.png
kumon,kumon_com_hk.png
kynixsemiconductor,kynixsemiconductor_com.png
laborelec,laborelec_com.png
lamborghini-cannes,lamborghini-cannes_com.png
lamborghini-cannes,lamborghini-stuttgart_com.png
lamborghini-rotterdam,lamborghini-rotterdam_nl.png
lamborghini-zh,lamborghini-zh_ch.png
lamborghinimontreal,lamborghinimontreal_com.png
landermitsubishi,landermitsubishi_com_au.png
landish,landish_ca.png
lcvesta,lcvesta_nl.png
le-tech,le-tech_co_uk.png
lidl-giftcard,lidl-giftcard_eu.png
lidl-ni,lidl-ni_co_uk.png
lidl-ni,lidl_com_cy.png
lidl-ni,lidl_lt.png
lidl-ni,lidl_lu.png
lidl-ni,lidl_lv.png
lidl-ni,lightspeedhq_fr.png
lidl-ni,monster_co_uk.png
lidl-ni,vendhq_com.png
lidl-voyages,lidl-voyages_fr.png
lightspeedhq,lightspeedhq_mx.png
linak-latinamerica,linak-latinamerica_com.png
linde-amt,linde-amt_com.png
linde-amt,linde-finance_com.png
linde-amt,linde-gas_com.png
linde-amt,lindehomecare_fr.png
linde-amt,linde_bo.png
linde-amt,linde_pe.png
linde-electronics,linde-electronics_com.png
linde-electronics,linde-gas_at.png
linde-gas,linde-gas_ee.png
linde-gas,linde-gas_fi.png
linde-gas,linde-gas_lt.png
linde-gas,linde-gas_lv.png
linde-gas,linde-gas_no.png
linde-gas,linde-gas_es.png
linde-gas,linde-gas_fr.png
linde-gas,linde-gas_nl.png
linde-gas,linde-healthcare_nl.png
linde-gas,linde-gas_sk.png
linde-gas,lindegas_hu.png
linde-gaz,linde-gaz_pl.png
linde-medica,linde-medica_es.png
linde-medica,lindesaude_pt.png
lindeoilandgas,lindeoilandgas_com.png
linde,linde_ch.png
linde,linde_co_th.png
lindt,lindt_at.png
lindt,lindt_ch.png
lindt,lindt_com_au.png
lindt,lindt_com_mx.png
lindt,lindt_co_za.png
lindt,lindt_cz.png
lindt,lindt_dk.png
lindt,lindt_es.png
lindt,lindt_fi.png
lindt,lindt_se.png
lindt,lindt_de.png
lindt,lindt_jp.png
linexaus,linexaus_com_au.png
linexcoloradosprings,linexcoloradosprings_com.png
linexofchickasha,linexofchickasha_com.png
linexofjoliet,linexofjoliet_com.png
linexofmacon,linexofmacon_com.png
linexofstlouismo,linexofstlouismo_com.png
linexofwilliston,linexofwilliston_com.png
linexps,linexps_com.png
linexswfl,linexswfl_com.png
luminishealthcareers,luminishealthcareers_org.png
luxaflexproject-scandinavia,luxaflexproject-scandinavia_com.png
lww,lww_co_uk.png
manpowergroup,manpowergroup_ca.png
manpowergroup,manpowergroup_ch.png
mantruckmerchandise,mantruckmerchandise_co_uk.png
mapfre,mapfre_com_gt.png
mapfre,mapfre_com_sv.png
mapfre,mapfre_com_ve.png
mapfre,mapfre_pr.png
mapfre,mapfre_com_ni.png
mapfre,mapfre_com_py.png
mapfre,mapfre_com_uy.png
mariagefreres,mariagefreres_co_jp.png
martinavenueshops,martinavenueshops_com.png
mateco-hungary,mateco-hungary_hu.png
matutis,matutis_de.png
mazda-angola-autozuid,mazda-angola-autozuid_com.png
mazda-autocentrum-engin-holzminden,mazda-autocentrum-engin-holzminden_de.png
mazda-autocentrum-engin-holzminden,mazda-autohaus-abs-erlangen_de.png
mazda-autocentrum-engin-holzminden,mazda-autohaus-ahb-gotha_de.png
mazda-autocentrum-engin-holzminden,mazda-autohaus-albers-doerpen_de.png
mazda-autocentrum-engin-holzminden,mazda-autohaus-albstadt-auto-domicil-ebingen_de.png
mazda-autocentrum-engin-holzminden,mazda-autohaus-banaszak-kleve_de.png
mazda-autocentrum-engin-holzminden,mazda-autohaus-banaszak-wesel_de.png
mazda-autocentrum-engin-holzminden,mazda-autohaus-baumgart-altensteig_de.png
mazda-autocentrum-engin-holzminden,mazda-autohaus-bayer-goessweinstein_de.png
mazda-autocentrum-engin-holzminden,mazda-autohaus-becker-homburg-bruchhof_de.png
mazda-autocentrum-engin-holzminden,mazda-autohaus-behrens-magdeburg-ottersleben_de.png
mazda-autocentrum-engin-holzminden,mazda-autohaus-berlenbach-bergischgladbach_de.png
mazda-autocentrum-engin-holzminden,mazda-autohaus-blank-dinkelsbuehl_de.png
mazda-autocentrum-engin-holzminden,mazda-autohaus-boehme-lutherstadt-wittenberg_de.png
mazda-autocentrum-engin-holzminden,mazda-autohaus-bolluck-goslar_de.png
mazda-autocentrum-engin-holzminden,mazda-autohaus-born-ludwigslust_de.png
mazda-autocentrum-engin-holzminden,mazda-autohaus-brutschin-lenzkirch_de.png
mazda-autocentrum-engin-holzminden,mazda-autohaus-buelo-naumburg_de.png
mazda-autocentrum-engin-holzminden,mazda-autohaus-dittrich-genthin-huettermuehle_de.png
mazda-autocentrum-engin-holzminden,mazda-autohaus-doerenkaemper-bad-hersfeld_de.png
mazda-autocentrum-engin-holzminden,mazda-autohaus-dohm-horn-bad-meinberg_de.png
mazda-autocentrum-engin-holzminden,mazda-autohaus-dorner-riedlingen_de.png
mazda-autocentrum-engin-holzminden,mazda-autohaus-ehrlich-aschaffenburg_de.png
mazda-autocentrum-engin-holzminden,mazda-autohaus-eisele-langenau_de.png
mazda-autocentrum-engin-holzminden,mazda-autohaus-elstner-jena_de.png
mazda-autocentrum-engin-holzminden,mazda-autohaus-engelbart-delmenhorst_de.png
mazda-autocentrum-engin-holzminden,mazda-autohaus-fenzl-hauzenberg_de.png
mazda-autocentrum-engin-holzminden,mazda-autohaus-flindt-marschacht_de.png
mazda-autocentrum-engin-holzminden,mazda-autohaus-friedmann-steinfeld_de.png
mazda-autocentrum-engin-holzminden,mazda-autohaus-fritsche-grossschoenau_de.png
mazda-autocentrum-engin-holzminden,mazda-autohaus-gerhard-figge-waldeck-hoeringhausen_de.png
mazda-autocentrum-engin-holzminden,mazda-autohaus-goedde-meschede_de.png
mazda-autocentrum-engin-holzminden,mazda-autohaus-gollan-hamm_de.png
mazda-autocentrum-engin-holzminden,mazda-autohaus-grasdanner-holzkirchen_de.png
mazda-autocentrum-engin-holzminden,mazda-autohaus-gruendel-doerth_de.png
mazda-autocentrum-engin-holzminden,mazda-autohaus-haese-erkrath-hochdahl_de.png
mazda-autocentrum-engin-holzminden,mazda-autohaus-haeusler-fuerstenfeldbruck_de.png
mazda-autocentrum-engin-holzminden,mazda-autohaus-hamester-hamburg-bergedorf_de.png
mazda-autocentrum-engin-holzminden,mazda-autohaus-hansmann-kassel_de.png
mazda-autocentrum-engin-holzminden,mazda-autohaus-hansmann-melsungen_de.png
mazda-autocentrum-engin-holzminden,mazda-autohaus-heider-dresden_de.png
mazda-autocentrum-engin-holzminden,mazda-autohaus-hellwig-hoyerswerda_de.png
mazda-autocentrum-engin-holzminden,mazda-autohaus-henn-weilamrhein_de.png
mazda-autocentrum-engin-holzminden,mazda-autohaus-henseler-schwedt_de.png
mazda-autocentrum-engin-holzminden,mazda-autohaus-hoeffner-clausen_de.png
mazda-autocentrum-engin-holzminden,mazda-autohaus-hohenfeld-dinslaken_de.png
mazda-autocentrum-engin-holzminden,mazda-autohaus-huck-buehl_de.png
mazda-autocentrum-engin-holzminden,mazda-autohaus-kalina-gelsenkirchen_de.png
mazda-autocentrum-engin-holzminden,mazda-autohaus-kaschmieder-waren_de.png
mazda-autocentrum-engin-holzminden,mazda-autohaus-kilger-regen_de.png
mazda-autocentrum-engin-holzminden,mazda-autohaus-klein-bietigheim-bissingen_de.png
mazda-autocentrum-engin-holzminden,mazda-autohaus-kopke-bendel-marl_de.png
mazda-autocentrum-engin-holzminden,mazda-autohaus-kramer-kirchberg_de.png
mazda-autocentrum-engin-holzminden,mazda-autohaus-lackmann-sendenhorst_de.png
mazda-autocentrum-engin-holzminden,mazda-autohaus-lehmann-senftenberg_de.png
mazda-autocentrum-engin-holzminden,mazda-autohaus-lohmann-kreuztal_de.png
mazda-autocentrum-engin-holzminden,mazda-autohaus-lommel-grettstadt_de.png
mazda-autocentrum-engin-holzminden,mazda-autohaus-lotspeich-muenchen_de.png
mazda-autocentrum-engin-holzminden,mazda-autohaus-ludwig-halle-neustadt_de.png
mazda-autocentrum-engin-holzminden,mazda-autohaus-misch-uebach-palenberg_de.png
mazda-autocentrum-engin-holzminden,mazda-autohaus-moellenkamp-rheine_de.png
mazda-autocentrum-engin-holzminden,mazda-autohaus-mork-rockenhausen_de.png
mazda-autocentrum-engin-holzminden,mazda-autohaus-mueller-plauen_de.png
mazda-autocentrum-engin-holzminden,mazda-autohaus-mueller-und-thurnes-tholey_de.png
mazda-autocentrum-engin-holzminden,mazda-autohaus-rausch-dresden_de.png
mazda-autocentrum-engin-holzminden,mazda-autohaus-richter-forst_de.png
mazda-autocentrum-engin-holzminden,mazda-autohaus-roeser-grossmaischeid_de.png
mazda-autocentrum-engin-holzminden,mazda-autohaus-roessel-birkenau_de.png
mazda-autocentrum-engin-holzminden,mazda-autohaus-rottmann-bottrop_de.png
mazda-autocentrum-engin-holzminden,mazda-autohaus-ruettiger-wallduern_de.png
mazda-autocentrum-engin-holzminden,mazda-autohaus-schindlbeck-schwandorf_de.png
mazda-autocentrum-engin-holzminden,mazda-autohaus-schindlbeck-straubing_de.png
mazda-autocentrum-engin-holzminden,mazda-autohaus-schmidt-grossenhain_de.png
mazda-autocentrum-engin-holzminden,mazda-autohaus-schmidt-meschede_de.png
mazda-autocentrum-engin-holzminden,mazda-autohaus-schmidt-oschatz_de.png
mazda-autocentrum-engin-holzminden,mazda-autohaus-schneider-sondershausen_de.png
mazda-autocentrum-engin-holzminden,mazda-autohaus-schreier-biebergemuend-bieber_de.png
mazda-autocentrum-engin-holzminden,mazda-autohaus-schwenke-duisburg_de.png
mazda-autocentrum-engin-holzminden,mazda-autohaus-stiefel-muehlacker_de.png
mazda-autocentrum-engin-holzminden,mazda-autohaus-stoelzel-doehlau_de.png
mazda-autocentrum-engin-holzminden,mazda-autohaus-sturne-grimma_de.png
mazda-autocentrum-engin-holzminden,mazda-autohaus-sturne-rochlitz_de.png
mazda-autocentrum-engin-holzminden,mazda-autohaus-suedring-datteln_de.png
mazda-autocentrum-engin-holzminden,mazda-autohaus-tabbouch-speyer_de.png
mazda-autocentrum-engin-holzminden,mazda-autohaus-thoss-falkenstein_de.png
mazda-autocentrum-engin-holzminden,mazda-autohaus-tietje-holmb-wedel_de.png
mazda-autocentrum-engin-holzminden,mazda-autohaus-tillack-perleberg_de.png
mazda-autocentrum-engin-holzminden,mazda-autohaus-torp-wilhelmshaven_de.png
mazda-autocentrum-engin-holzminden,mazda-autohaus-trumpf-wimmelburg_de.png
mazda-autocentrum-engin-holzminden,mazda-autohaus-ubben-aurich_de.png
mazda-autocentrum-engin-holzminden,mazda-autohaus-voigtlaender-meyer-hamburg_de.png
mazda-autocentrum-engin-holzminden,mazda-autohaus-w-k-kamen_de.png
mazda-autocentrum-engin-holzminden,mazda-autohaus-wagner-dortmund_de.png
mazda-autocentrum-engin-holzminden,mazda-autohaus-wassing-ahaus-wuellen_de.png
mazda-autocentrum-engin-holzminden,mazda-autohaus-weber-magdeburg_de.png
mazda-autocentrum-engin-holzminden,mazda-autohaus-wedding-engelskirchen-albertsth_de.png
mazda-autocentrum-engin-holzminden,mazda-autohaus-weiss-niedernhausen_de.png
mazda-autocentrum-engin-holzminden,mazda-autohaus-wilhelm-huellhorst_de.png
mazda-autocentrum-engin-holzminden,mazda-autohaus-wilk-kaczmarek-schwerin_de.png
mazda-autocentrum-engin-holzminden,mazda-autohaus-witthoeft-bad-oldesloe_de.png
mazda-autocentrum-engin-holzminden,mazda-autohaus-wuttke-gummersbach_de.png
mazda-autocentrum-engin-holzminden,mazda-automobile-maier-cham_de.png
mazda-autocentrum-engin-holzminden,mazda-automobile-weberpals-sonneberg-hoenbach_de.png
mazda-autocentrum-engin-holzminden,mazda-autopark-rath-krefeld_de.png
mazda-autocentrum-engin-holzminden,mazda-service-koch-ludwigsfelde_de.png
mazda-autocentrum-engin-holzminden,mazda-service-metz-marne_de.png
mazda-bcrmotors,mazda-bcrmotors_ru.png
mazda-bielskobiala-autogazda,mazda-bielskobiala-autogazda_pl.png
mazda-bielskobiala-autogazda,mazda-lodz-matsuoka_pl.png
mazda-bielskobiala-autogazda,mazda-poznan-voyager_pl.png
mazda-bielskobiala-autogazda,mazda-rzeszow-czach_pl.png
mazda-bielskobiala-autogazda,mazda-sosnowiec-mirai_pl.png
mazda-bielskobiala-autogazda,mazda-tarnowskiegory-mirai_pl.png
mazda-bielskobiala-autogazda,mazda-warszawa-auto2000_pl.png
mazda-bielskobiala-autogazda,mazda-warszawa-bemomotors_pl.png
mazda-bielskobiala-autogazda,mazda-warszawa-nivette_pl.png
mazda-bielskobiala-autogazda,mazda-warszawa-odyssey_pl.png
mazda-bielskobiala-autogazda,mazda-wroclaw-jaremko_pl.png
mazda-bielskobiala-autogazda,mazda-wroclaw-wrobel_pl.png
mazda-krakow-kazokuluzar,mazda-krakow-kazokuluzar_pl.png
mazda-ma,mazda-ma_com.png
mazda-press,mazda-press_com.png
mazda-uae,mazda-uae_com.png
mazdabali,mazdabali_co_id.png
mazdaofescondido,mazdaofescondido_com.png
mazdaoforange,mazdaoforange_com.png
mazdaoforlandpark,mazdaoforlandpark_com.png
mazdaofwestridge,mazdaofwestridge_com.png
mazda,mazda_al.png
mazda,mazda_bg.png
mazda,mazda_co_me.png
mazda,mazda_gr.png
mazda,mazda_com_ec.png
mazda,mazda_com_kh.png
mazda,mazda_com_sg.png
mazda,mazda_com_tr.png
mazda,mazda_es.png
mazda,mazda_hu.png
mazda,mazda_com_tw.png
mazda,mazda_co_za.png
mazda,mazda_de.png
mazda,mazda_nl.png
mazda,mazda_fi.png
mazda,mazda_lt.png
mazda,mazda_lv.png
mazda,mazda_ph.png
mazda,mazda_ru.png
mazda,mazda_si.png
mazda,mazda_ua.png
mcdonalds-mcdelivery,mcdonalds-mcdelivery_es.png
mcdonalds,mcdonalds_com_jo.png
mcdonalds,mcdonalds_co_za.png
mcdonalds,mcdonalds_ma.png
mcdonalds,mcdonalds_md.png
medef-44,medef-44_fr.png
medef-44,medef-ain_fr.png
medef-44,medef-alsace_com.png
medef-44,medef-anjou_fr.png
medef-44,medef-artois_fr.png
medef-44,medef-aude_com.png
medef-44,medef-aura_fr.png
medef-44,medef-bearnetsoule_com.png
medef-44,medef-beziers_fr.png
medef-44,medef-cher_fr.png
medef-44,medef-corse_com.png
medef-44,medef-cote-opale_com.png
medef-44,medef-dromeardeche_fr.png
medef-44,medef-essonne_org.png
medef-44,medef-franche-comte_com.png
medef-44,medef-mayenne_com.png
medef-44,medef-nouvelle-aquitaine_fr.png
medef-44,medef-pays-basque_fr.png
medef-44,medef-paysdelaloire_fr.png
medef-44,medef-sarthe_fr.png
medef-44,medef-seine-estuaire_fr.png
medef-44,medef-seineetmarne_fr.png
medef-44,medef-vendee_fr.png
medef-44,medef31_fr.png
medef-44,medef41_fr.png
medef-44,medef71_com.png
medef-44,medef79_fr.png
medef-44,medefloire_fr.png
medef-ardennes,medef-ardennes_com.png
medef-htcis,medef-htcis_com.png
medef-somme,medef-somme_fr.png
medeforne,medeforne_fr.png
meggle-group,meggle-group_com.png
menicon,menicon_com_au.png
menicon,menicon_sg.png
menicon,menicon_co_uk.png
menicon,menicon_de.png
menicon,menicon_es.png
menicon,menicon_fr.png
menicon,menicon_nl.png
mercanta,mercanta_de.png
mercyships,mercyships_be.png
mercyships,mercyships_nl.png
mercyships,mercyships_org_au.png
mersen,mersen_com_br.png
mersen,mersen_com_tr.png
mersen,mersen_es.png
mersen,mersen_hu.png
mersen,mersen_in.png
mersen,mersen_it.png
mersen,mersen_jp.png
metagenics,metagenics_co_jp.png
metlifetakealongdental,metlifetakealongdental_com.png
metlifetakealongdental,metlife_cl.png
metlifetakealongdental,metlife_com_ar.png
metlifetakealongdental,metlife_com_au.png
metlifetakealongdental,metlife_com_cy.png
metlifetakealongdental,metlife_com_tr.png
metlifetakealongdental,metlife_com_uy.png
metlife,metlife_com_bd.png
metlife,metlife_co_kr.png
mffshopen,mffshopen_se.png
microbit,microbit_nl.png
miniso-home,miniso-home_ro.png
minisocr,minisocr_com.png
minisoindia,minisoindia_com.png
miniso,miniso_com_ec.png
miniso,miniso_ge.png
miniso,miniso_nc.png
misterwhat-au,misterwhat-au_com.png
misterwhat-au,misterwhat_com_br.png
misterwhat-au,misterwhat_de.png
misterwhat-au,misterwhat_nl.png
misterwhat-au,misterwhat_pl.png
misterwhat-au,misterwhat_pt.png
mitsubishielectric,mitsubishielectric_com_cn.png
mitsubishielectric,mitsubishielectric_cz.png
modern-heads,modern-heads_com.png
modshair-nuernberg,modshair-nuernberg_de.png
modshair,modshair_co_nz.png
mondialparebrise,mondialparebrise_re.png
monitus,monitus_com.png
monster,monster_at.png
monster,monster_be.png
monster,monster_se.png
monster,monster_ie.png
mooresingapore,mooresingapore_com.png
moorestoke,moorestoke_co_uk.png
moore,moore_es.png
movingstarsinc,movingstarsinc_com.png
msd-animal-health,msd-animal-health_be.png
msd-animal-health,msd-animal-health_com_au.png
msd-animal-health,msd-animal-health_co_nz.png
msd-animal-health,msd-animal-health_co_uk.png
msd-animal-health,msd-animal-health_dk.png
msd-animal-health,msd-animal-health_es.png
msd-animal-health,msd-animal-health_it.png
msd-animal-health,msd-animal-health_pl.png
msd-animal-health,msd-animal-health_pt.png
msig-asia,msig-asia_com.png
msmode,msmode_de.png
msmode,msmode_es.png
msmode,msmode_fr.png
msmode,msmode_lu.png
mtn,mtn_co_rw.png
murrelektronik,murrelektronik_at.png
murrelektronik,murrelektronik_be.png
murrelektronik,murrelektronik_ch.png
murrelektronik,murrelektronik_com_cn.png
murrelektronik,murrelektronik_com_tr.png
murrelektronik,murrelektronik_cz.png
murrelektronik,murrelektronik_es.png
murrelektronik,murrelektronik_fi.png
murrelektronik,murrelektronik_fr.png
murrelektronik,murrelektronik_hu.png
murrelektronik,murrelektronik_in.png
murrelektronik,murrelektronik_it.png
murrelektronik,murrelektronik_kr.png
murrelektronik,murrelektronik_no.png
murrelektronik,murrelektronik_pl.png
murrelektronik,murrelektronik_ro.png
murrelektronik,murrelektronik_se.png
murrelektronik,murrelektronik_sg.png
murrelektronik,murrelektronik_sk.png
murrelektronik,murrelektronik_uk.png
muvpropiedades,muvpropiedades_com_ar.png
mycabin,mycabin_ie.png
myfamily,myfamily_ca.png
myplumberca,myplumberca_com.png
myron,myron_ca.png
naturesrewardcoloredcauliflower,naturesrewardcoloredcauliflower_com.png
nepaltrust,nepaltrust_gov_np.png
neposystem,neposystem_me.png
nerdsonsite,nerdsonsite_co_za.png
nestle,nestle_at.png
nestle,nestle_hr.png
nestle,nestle_ir.png
nestle,nestle_no.png
nestle,nestle_com_ve.png
nestle,nestle_do.png
nexicentraleurope,nexicentraleurope_com.png
nexi,nexi_gr.png
nexi,nexi_hr.png
nhszketpo,nhszketpo_hu.png
nidek,nidek_com.png
nikon-mea,nikon-mea_com.png
nikon-mea,nikon_com_hk.png
nikon-mea,nikon_com_sg.png
nikon-mea,nikon_co_th.png
nikonclub,nikonclub_fr.png
nikonlenswear,nikonlenswear_cn.png
nikonschool,nikonschool_de.png
niproaustralia,niproaustralia_com_au.png
nissanmanufacturing,nissanmanufacturing_com.png
nissanmiddletownny,nissanmiddletownny_com.png
nissanofgardencity,nissanofgardencity_com.png
nissanoflebanonnh,nissanoflebanonnh_com.png
nissanofopelousas,nissanofopelousas_com.png
nissanofthebronx,nissanofthebronx_com.png
nissantireadvantage,nissantireadvantage_com.png
nobleprog,nobleprog_ae.png
nobleprog,nobleprog_com_eg.png
nobleprog,nobleprog_com_ar.png
nobleprog,nobleprog_mx.png
nobleprog,nobleprog_com_ng.png
nobleprog,nobleprog_co_th.png
nobleprog,nobleprog_es.png
nobleprog,nobleprog_ro.png
norauto-empleo,norauto-empleo_es.png
norauto,norauto_com.png
nordicpharma,nordicpharma_be.png
nordicpharma,nordicpharma_ch.png
nordicpharma,nordicpharma_co_uk.png
nordicpharma,nordicpharma_it.png
nordicpharma,nordicpharma_nl.png
nordicpharma,nordicpharma_de.png
nordicpharma,nordicpharma_es.png
nordicpharma,nordicpharma_pt.png
novonordisk,novonordisk_my.png
nutricia,nutricia_pt.png
ohb-system,ohb-system_de.png
oil-testing,oil-testing_de.png
ophitusa,ophitusa_com.png
orange,orange_cm.png
orange,orange_sk.png
orient-food,orient-food_sk.png
ovb,ovb_at.png
ovb,ovb_gr.png
ovb,ovb_ro.png
overheaddoorbrookfield,overheaddoorbrookfield_com.png
overheaddoorcompanyjackson,overheaddoorcompanyjackson_com.png
overheaddoorcompanyjackson,overheaddoorfayetteville_com.png
overheaddoorcompanyjackson,overheaddoorkalamazoo_com.png
overheaddoormankato,overheaddoormankato_com.png
overheaddoorofterrehaute,overheaddoorofterrehaute_com.png
overheaddoorriverton,overheaddoorriverton_com.png
overheaddoorsrichmond,overheaddoorsrichmond_com.png
pacificinfotech,pacificinfotech_co_uk.png
pakuacanada,pakuacanada_com.png
pamarco,pamarco_co_uk.png
pamline,pamline_fr.png
papajohnsquebec,papajohnsquebec_ca.png
papajohnsquebec,papajohns_com_pk.png
papajohnsquebec,papajohns_ma.png
path-solutions,path-solutions_com.png
patheon,patheon_com.png
patheon,patheon_kr.png
paybase,paybase_netlify_app.png
pcllawyersfrankston,pcllawyersfrankston_com_au.png
peach,peach_immo.png
pearson,pearson_com_cn.png
pearson,pearson_com_hk.png
pepsico,pepsico_com_br.png
pepsico,pepsico_com_co.png
pepsico,pepsico_com_pk.png
pepsico,pepsico_com_tr.png
pepsico,pepsico_co_it.png
pepsico,pepsico_es.png
pepsico,pepsico_fr.png
pepsico,pepsico_pt.png
pepsico,pepsico_rs.png
pepsico,pepsico_ru.png
pepsico,pepsico_sa.png
pepsico,pepsico_ua.png
petercem-sensors,petercem-sensors_com.png
peugeot,peugeot_sk.png
pigtailsandcrewcutsfranchise,pigtailsandcrewcutsfranchise_com.png
pilotpen,pilotpen_co_th.png
pilotpen,pilotpen_co_uk.png
pilotpen,pilotpen_eu.png
pilotpen,pilotpen_hu.png
pilotpen,pilotpen_it.png
pilotpen,pilotpen_ro.png
pingusenglish,pingusenglish_ac_th.png
pingusenglish,pingusenglish_com.png
pingusenglish,pingusenglish_com_cy.png
pingusenglish,pingusenglish_com_tr.png
pingusenglish,pingusenglish_ee.png
pingusenglish,pingusenglish_my.png
pingusenglish,pingusenglish_co_id.png
pingusenglish,pingusenglish_ps.png
pingusenglish,pingusenglish_vn.png
pirtek,pirtek_at.png
pirtek,pirtek_de.png
pirtek,pirtek_be.png
pirtek,pirtek_ie.png
pirtek,pirtek_nl.png
pkfcabrera,pkfcabrera_com.png
pkfcaribbean,pkfcaribbean_com.png
pkffinconta,pkffinconta_ro.png
pkfkerikeri,pkfkerikeri_co_nz.png
pkfuae,pkfuae_com.png
pkf,pkf_com_tr.png
pkf,pkf_co_in.png
pkf,pkf_jo.png
plameco-baer,plameco-baer_de.png
plameco-bonn,plameco-bonn_de.png
plameco-hannover,plameco-hannover_de.png
plameco-rheinsieg,plameco-rheinsieg_de.png
planncosteels,planncosteels_com.png
plastoplan,plastoplan_com.png
plastoplan,plastoplan_pl.png
plastoplan,plastoplan_rs.png
plastoplan,plastoplan_si.png
pmcorp,pmcorp_mx.png
pmsgen,pmsgen_com.png
poliform-spb,poliform-spb_ru.png
pragroup,pragroup_at.png
pragroup,pragroup_de.png
pragroup,pragroup_fi.png
pragroup,pragroup_no.png
pragroup,pragroup_pl.png
pragroup,pragroup_se.png
pragroup,pragroup_com_au.png
premiumproperties,premiumproperties_com.png
printsasia,printsasia_com.png
prioritymanagementscotland,prioritymanagementscotland_co_uk.png
ptsv-hof-minigolf,ptsv-hof-minigolf_de.png
pussyspace,pussyspace_net.png
rationalstock,rationalstock_es.png
rcchurch,rcchurch_com.png
reedglobal,reedglobal_ae.png
reedglobal,reedglobal_com_mt.png
reedglobal,reedglobal_pl.png
reedglobal,reedglobal_bg.png
reedglobal,reedglobal_ch.png
reedglobal,reedglobal_com_tr.png
reedglobal,reedglobal_hu.png
reedglobal,reedglobal_cz.png
reedglobal,reedglobal_sg.png
regalsprings,regalsprings_com_mx.png
remax-buchholz,remax-buchholz_de.png
remax-go,remax-go_com_ar.png
remax-lueneburg,remax-lueneburg_de.png
remax-lueneburg,remax-pinneberg_de.png
remaxcrystal,remaxcrystal_com.png
remax,remax_fi.png
renault-beaulieu,renault-beaulieu_fr.png
renault-guilers,renault-guilers_fr.png
renaultamericas,renaultamericas_com_mx.png
renaultpatriotismo,renaultpatriotismo_com_mx.png
renaultsanzhispano,renaultsanzhispano_es.png
renaulttersa,renaulttersa_com_mx.png
renaultzaragoza,renaultzaragoza_com.png
renault,renault_com_my.png
renault,renault_no.png
renault,renault_pe.png
repsolresourcesuk,repsolresourcesuk_com.png
repsolresourcesuk,repsol_com_mx.png
repsolresourcesuk,repsol_fr.png
repsolresourcesuk,repsol_no.png
repsolresourcesuk,repsol_pe.png
repsolresourcesuk,repsol_us.png
repsol,repsol_in_ua.png
rexel,rexel_ca.png
rexel,rexel_it.png
richs,richs_co_uk.png
ringcontainers,ringcontainers_co_uk.png
rjelinek,rjelinek_cl.png
rocatiles,rocatiles_com.png
rocatiles,roca_com_ar.png
rocatiles,roca_com_tr.png
rocatiles,roca_co_id.png
rocatiles,roca_co_th.png
rocatiles,roca_fr.png
rocatiles,roca_it.png
rocatiles,roca_ro.png
rotary-bulgaria,rotary-bulgaria_org.png
rotary-club-paris-se,rotary-club-paris-se_org.png
rotary-club-paris-se,rotary-club-strasbourg_org.png
rotary6450,rotary6450_org.png
rotary7610,rotary7610_org.png
rotary7620,rotary7620_org.png
rotaryclubdelima,rotaryclubdelima_org.png
rotaryclubofessex,rotaryclubofessex_com.png
rotarygranada,rotarygranada_es.png
rotarypublicschool,rotarypublicschool_org.png
rotary,rotary_hr.png
rotary,rotary_no.png
rsmcanada,rsmcanada_com.png
rsmpoland,rsmpoland_pl.png
rsmthailand,rsmthailand_com.png
rsmthailand,rsm_bh.png
rsmthailand,rsm_lu.png
rubiomonocoatusa,rubiomonocoatusa_com.png
rubiomonocoat,rubiomonocoat_com_au.png
rubiomonocoat,rubiomonocoat_com_pl.png
rutscherlebnis,rutscherlebnis_at.png
saint-gobain,saint-gobain_ru.png
salvationarmyconcordca,salvationarmyconcordca_org.png
salvationarmyeet,salvationarmyeet_org.png
salvationarmyflorida,salvationarmyflorida_org.png
salvationarmy,salvationarmy_org_my.png
salvationarmy,salvationarmy_org_sg.png
sanlorenzo,sanlorenzo_com_pe.png
sans-sans,sans-sans_com_my.png
santanderuniversidades,santanderuniversidades_com_mx.png
santander,santander_com_mx.png
santillana,santillana_com_bo.png
santillana,santillana_com_co.png
santillana,santillana_com_hn.png
santillana,santillana_com_pr.png
santillana,santillana_com_sv.png
santillana,santillana_com_uy.png
savethechildren,savethechildren_ca.png
savethechildren,savethechildren_es.png
savethechildren,savethechildren_mn.png
savethechildren,savethechildren_mx.png
savethechildren,savethechildren_nl.png
savethechildren,savethechildren_org_au.png
scholpp,scholpp_it.png
seasonsrehab,seasonsrehab_in.png
seats2meetstationdenbosch,seats2meetstationdenbosch_nl.png
secureparkinghi,secureparkinghi_com.png
secureparkinghi,secureparking_com_kh.png
secureparkingusa,secureparkingusa_com.png
secureparking,secureparking_com_lb.png
secureparking,secureparking_co_id.png
seitenbachershop,seitenbachershop_com.png
selgen,selgen_eu.png
sephora,sephora_dk.png
sephora,sephora_es.png
sephora,sephora_fr.png
sephora,sephora_gr.png
sephora,sephora_it.png
sephora,sephora_pl.png
sephora,sephora_pt.png
sephora,sephora_ro.png
servier,servier_com_br.png
servier,servier_cz.png
shahshalalfood,shahshalalfood_com.png
shelterstation,shelterstation_com_au.png
shercomotorcycles,shercomotorcycles_it.png
shimadzu-rika,shimadzu-rika_co_jp.png
shimadzumea,shimadzumea_com.png
shimadzumea,shimadzu_com_cn.png
shimadzumea,shimadzu_com_ph.png
shimadzumea,shimadzu_in.png
shopee,shopee_com_co.png
shopee,shopee_com_mx.png
shopee,shopee_com_my.png
shopee,shopee_co_id.png
shopee,shopee_co_th.png
shopee,shopee_in.png
shopee,shopee_vn.png
siebtechnik-tema,siebtechnik-tema_cn.png
siebtechnik-tema,siebtechnik-tema_co_uk.png
siebtechnik-tema,siebtechnik-tema_nl.png
sitech-ohio,sitech-ohio_com.png
sitech-ohio,sitech-ws_com.png
sitechdo,sitechdo_com_mx.png
sitechnorthwest,sitechnorthwest_com.png
sitechsolutions,sitechsolutions_com.png
sitech,sitech_ch.png
sixty8,sixty8_ro.png
skodalondon,skodalondon_com.png
skodanews,skodanews_de.png
skssweden,skssweden_se.png
skybusiness,skybusiness_co_nz.png
smittysmb,smittysmb_ca.png
snapologyfranchising,snapologyfranchising_com.png
solatubescotland,solatubescotland_co_uk.png
solatubescotland,solatube_co_uk.png
solatubescotland,solatube_pt.png
solatubescotland,solatube_se.png
solatubescotland,solatube_si.png
solatube,solatube_com_cn.png
solidea,solidea_co_za.png
soneparfrance,soneparfrance_fr.png
soneparfrance,soneparthailand_com.png
soneparfrance,sonepar_pe.png
soneparfrance,sonepar_pt.png
soneparusa,soneparusa_com.png
sonepar,sonepar_com_sg.png
specialistnutrition,specialistnutrition_us.png
specialolympics,specialolympics_com_au.png
spg-motoren,spg-motoren_de.png
spie-energotest,spie-energotest_pl.png
spie-osmo,spie-osmo_de.png
spiegse,spiegse_com.png
spitexaadorf,spitexaadorf_ch.png
sprachschule-aktiv-basel,sprachschule-aktiv-basel_ch.png
sprachschule-aktiv-kaiserslautern,sprachschule-aktiv-kaiserslautern_de.png
sprachschule-aktiv-passau,sprachschule-aktiv-passau_de.png
sprachschule-aktiv-passau,sprachschule-aktiv_de.png
stampinup,stampinup_ca.png
stampinup,stampinup_uk.png
stanbicbank,stanbicbank_co_bw.png
stanbicbank,stanbicbank_co_ke.png
stanbicbank,stanbicbank_co_zm.png
stanbicbank,stanbicbank_co_zw.png
stanleyelectricus,stanleyelectricus_com.png
starbucks,starbucks_com_gr.png
starbucks,starbucks_in.png
starkeyjp,starkeyjp_com.png
starkey,starkey_com_br.png
starkey,starkey_co_uk.png
starkey,starkey_co_kr.png
statkraftvarme,statkraftvarme_no.png
statkraftvarme,statkraft_com_br.png
statkraftvarme,statkraft_com_pe.png
statkraftvarme,statkraft_com_tr.png
statkraftvarme,statkraft_co_uk.png
statkraftvarme,statkraft_fr.png
statkraftvarme,statkraft_ie.png
statkraftvarme,statkraft_nl.png
stocanada,stocanada_com.png
stockco,stockco_co_nz.png
stora-drain,stora-drain_be.png
storisell,storisell_com.png
strabag-pfs,strabag-pfs_com.png
subaru-bd,subaru-bd_com.png
subaru-bd,subaruqatar_com.png
subaru-bd,subaru_com_gt.png
subaru-bd,subaru_com_np.png
subaru-bd,subaru_com_pa.png
subaru-bd,subaru_mt.png
subarusouthblvd,subarusouthblvd_com.png
subarutijuana,subarutijuana_mx.png
subaruvilnius,subaruvilnius_lt.png
subaru,subaru_com_tr.png
subaru,subaru_es.png
subaru,subaru_eu.png
subaru,subaru_jp.png
subaru,subaru_lu.png
subaru,subaru_nc.png
subwayburbank,subwayburbank_com.png
subwayfrance,subwayfrance_fr.png
subwaypacific,subwaypacific_com.png
subway,subway_com_my.png
subway,subway_co_id.png
subway,subway_ru.png
sunnybrookprintshop,sunnybrookprintshop_ca.png
svnchicagopm,svnchicagopm_com.png
svnefird,svnefird_com.png
svnnc,svnnc_com.png
svntrinity,svntrinity_com.png
svnvanguardla,svnvanguardla_com.png
synergiejobs,synergiejobs_nl.png
synergie,synergie_com.png
synergie,synergie_es.png
synergie,synergie_pt.png
synlab,synlab_by.png
synlab,synlab_com_gh.png
synlab,synlab_hr.png
synlab,synlab_si.png
synlab,synlab_lt.png
takab,takab_nu.png
tapflo,tapflo_at.png
tapflo,tapflo_co_za.png
tapflo,tapflo_hu.png
tapflo,tapflo_it.png
tapflo,tapflo_by.png
tapflo,tapflo_kz.png
tapflo,tapflo_nl.png
tapflo,tapflo_se.png
taylorfarmsdeli,taylorfarmsdeli_com.png
tbwa,tbwa_com_hk.png
tchibo,tchibo_cz.png
techmatrix-asia,techmatrix-asia_com.png
techtel,techtel_com_sg.png
teknoware,teknoware_ae.png
telehouse,telehouse_co_th.png
terradat,terradat_co_uk.png
tgmresearch,tgmresearch_vn.png
thebodyshop,thebodyshop_bg.png
thebodyshop,thebodyshop_ee.png
thebodyshop,thebodyshop_fi.png
thebodyshop,thebodyshop_lt.png
thebodyshop,thebodyshop_lv.png
thebodyshop,thebodyshop_si.png
thelab,thelab_id.png
thisissowgood,thisissowgood_com.png
titancontainers,titancontainers_at.png
titancontainers,titancontainers_co_nz.png
titancontainers,titancontainers_co_uk.png
titancontainers,titancontainers_dk.png
titancontainers,titancontainers_ie.png
titancontainers,titancontainers_us.png
titancontainers,titancontainers_com_tr.png
titancontainers,titancontainers_fr.png
toofacedcosmetics,toofacedcosmetics_jp.png
toolstationjobs,toolstationjobs_be.png
toolstationjobs,toolstationjobs_nl.png
top-system,top-system_com_mk.png
toshiba-water,toshiba-water_com.png
toyota-bornholm,toyota-bornholm_dk.png
toyota-evreux,toyota-evreux_fr.png
toyota-evreux,toyota-rambouillet_fr.png
toyota-indus,toyota-indus_com.png
toyota-marseille,toyota-marseille_com.png
toyota-marseille,toyota-saint-victoret_com.png
toyota-marseille,toyotaakkoyunlu_com_tr.png
toyota-marseille,toyotaakten_com_tr.png
toyota-marseille,toyotaaktoy_com_tr.png
toyota-marseille,toyotaaydogan_com_tr.png
toyota-marseille,toyotaaykon_com_tr.png
toyota-marseille,toyotabakircilarfethiye_com_tr.png
toyota-marseille,toyotaboranlar_com_tr.png
toyota-marseille,toyotaborovali_com_tr.png
toyota-marseille,toyotacavdarli_com_tr.png
toyota-marseille,toyotacetas_com_tr.png
toyota-marseille,toyotaderinderekocak_com_tr.png
toyota-marseille,toyotaefe_com_tr.png
toyota-marseille,toyotaelpa_com_tr.png
toyota-marseille,toyotaer_com_tr.png
toyota-marseille,toyotagocmenturk_com_tr.png
toyota-marseille,toyotagoktepe_com_tr.png
toyota-marseille,toyotahizel_com_tr.png
toyota-marseille,toyotakar_com_tr.png
toyota-marseille,toyotakocaelikaya_com_tr.png
toyota-marseille,toyotakuzen_com_tr.png
toyota-marseille,toyotamezcar_com_tr.png
toyota-marseille,toyotamici_com_tr.png
toyota-marseille,toyotanatas_com_tr.png
toyota-marseille,toyotaonatca_com_tr.png
toyota-marseille,toyotaotojen_com_tr.png
toyota-marseille,toyotaoztoprakhatay_com_tr.png
toyota-marseille,toyotaparmaksizlar_com_tr.png
toyota-marseille,toyotasamlioglu_com_tr.png
toyota-marseille,toyotasandikci_com_tr.png
toyota-marseille,toyotasarar_com_tr.png
toyota-marseille,toyotasonkar_com_tr.png
toyota-marseille,toyotatokullar_com_tr.png
toyota-marseille,toyotatoyan_com_tr.png
toyota-marseille,toyotayatubodrum_com_tr.png
toyota-marseille,toyotayatumugla_com_tr.png
toyota-marseille,toyotayigitvar_com_tr.png
toyota-marseille,toyotayoruk_com_tr.png
toyotaalbania,toyotaalbania_al.png
toyotaalbania,toyota_com_mk.png
toyotabacau,toyotabacau_ro.png
toyotabeerens,toyotabeerens_be.png
toyotabucurestinord,toyotabucurestinord_ro.png
toyotabucurestinord,toyotaconstanta_ro.png
toyotacommonwealth,toyotacommonwealth_com.png
toyotadefence,toyotadefence_com.png
toyotadefence,toyotasouthern_com.png
toyotafocsani,toyotafocsani_ro.png
toyotafocsani,toyotaploiesti_ro.png
toyotahonduras,toyotahonduras_com.png
toyotamacau,toyotamacau_com.png
toyotasud,toyotasud_ro.png
toyota,toyota_co_tz.png
toysrus,toysrus_com_ph.png
toysrus,toysrus_de.png
toysrus,toysrus_fr.png
toysrus,toysrus_pt.png
trakm8,trakm8_cz.png
tributek,tributek_com.png
trijit,trijit_uk.png
trinkgutlippstadt,trinkgutlippstadt_de.png
truemoney,truemoney_com_vn.png
trulynolennatal,trulynolennatal_com_br.png
trulynolenparaiba,trulynolenparaiba_com_br.png
tryg,tryg_com.png
tts-group,tts-group_at.png
tupperware,tupperware_at.png
tupperware,tupperware_com_vn.png
tupperware,tupperware_gr.png
tupperware,tupperware_it.png
tupperware,tupperware_be.png
tupperware,tupperware_es.png
tupperware,tupperware_com_ar.png
tupperware,tupperware_co_kr.png
tupperware,tupperware_fr.png
tupperware,tupperware_pl.png
unitecnica-us,unitecnica-us_com.png
urmet,urmet_com_br.png
uxbistart,uxbistart_com.png
vans,vans_at.png
vans,vans_com_ar.png
vans,vans_es.png
vans,vans_fr.png
vans,vans_it.png
vans,vans_nl.png
vantagepoint,vantagepoint_co_id.png
vbh,vbh_be.png
vbh,vbh_com_es.png
vbh,vbh_cz.png
vbh,vbh_de.png
vbh,vbh_lv.png
vbh,vbh_ro.png
vbh,vbh_hr.png
vbh,vbh_hu.png
vectorinfotech,vectorinfotech_my.png
vedanta-zincinternational,vedanta-zincinternational_com.png
veka,veka_com_sg.png
veka,veka_pt.png
venaenergy,venaenergy_co_jp.png
venturelightingme,venturelightingme_com.png
veolianorthamerica,veolianorthamerica_com.png
veolianorthamerica,veolia_ca.png
veolianorthamerica,veolia_es.png
veolianorthamerica,veolia_pt.png
veolia,veolia_pl.png
viacon,viacon_fi.png
viacon,viacon_no.png
victorsport,victorsport_com_tw.png
viessmann,viessmann_ua.png
virtual-reality,virtual-reality_school.png
vispiron,vispiron_systems.png
vitalsauna,vitalsauna_eu.png
vivaconagua,vivaconagua_at.png
vkf-renzel,vkf-renzel_bg.png
vkf-renzel,vkf-renzel_com_tr.png
vkf-renzel,vkf-renzel_co_uk.png
vkf-renzel,vkf-renzel_fr.png
vkf-renzel,vkf-renzel_nl.png
vkf-renzel,vkf-renzel_ro.png
vkf-renzel,vkf-renzel_cz.png
vkf-renzel,vkf-renzel_dk.png
vkf-renzel,vkf-renzel_hu.png
warmupdeutschland,warmupdeutschland_de.png
webster,webster_nl.png
wedos,wedos_com.png
weidner,weidner_ca.png
whatsonsaudiarabia,whatsonsaudiarabia_com.png
wheystore,wheystore_vn.png
whirlpool,whirlpool_com_hk.png
whirlpool,whirlpool_com_sg.png
williamblairfunds,williamblairfunds_com.png
wingarc,wingarc_com_au.png
wordans,wordans_de.png
wordans,wordans_it.png
workcircle,workcircle_com.png
worldoptionsgh,worldoptionsgh_com_au.png
worldvisionamericalatina,worldvisionamericalatina_org.png
worldvisionmexico,worldvisionmexico_org_mx.png
worldvision,worldvision_al.png
worldvision,worldvision_co.png
wuerth-ag,wuerth-ag_ch.png
wuerth-ag,wuerth_co_jp.png
wuerth-ag,wuerth_co_th.png
wuerth-ag,wuerth_dk.png
wuerth-ag,wurthindustry_ca.png
wuerth-ag,wurth_fi.png
wuerth-ag,wurth_nl.png
wuerth-gruppe,wuerth-gruppe_ch.png
wuerthmarket,wuerthmarket_ru.png
wuerth,wuerth_com_hr.png
wuerth,wuerth_com_ph.png
wurth-international,wurth-international_com.png
wurth-international,wurth-int_com.png
wurth-international,wurth-international_com_cn.png
wurth-international,wurth_com_tw.png
wurthsaudi,wurthsaudi_com.png
wurth,wurth_co.png
wurth,wurth_com_do.png
wurth,wurth_es.png
wurth,wurth_lk.png
wurth,wurth_pe.png
wwfchina,wwfchina_org.png
wwfcz,wwfcz_org.png
wwfcz,wwf_org.png
wwfcz,wwf_org_nz.png
wwf,wwf_es.png
wwf,wwf_or_th.png
wwf,wwf_ro.png
xella-colloquium,xella-colloquium_berlin.png
xtransfer,xtransfer_cn.png
xwiftracingevents,xwiftracingevents_be.png
ymca-cnw,ymca-cnw_org.png
ymca-ywca,ymca-ywca_org.png
ymca-ywca,ymcasteuben_org.png
ymca-ywca,ymcaswv_com.png
ymca-ywca,ymcatoledo_org.png
ymca-ywca,ymcaup_org.png
ymca-ywca,ymcawaycross_com.png
ymcatrivalley,ymcatrivalley_org.png
yonyou,yonyou_com_hk.png
yord,yord_pl.png
zalando,zalando_at.png
zalando,zalando_be.png
zalando,zalando_ch.png
zalando,zalando_co_uk.png
zalando,zalando_cz.png
zalando,zalando_dk.png
zalando,zalando_ee.png
zalando,zalando_nl.png
zalando,zalando_no.png
zalando,zalando_pl.png
zenithplasticsurgery,zenithplasticsurgery_com.png
zhcpa,zhcpa_cn.png
zkteco-ao,zkteco-ao_com.png
zkteco-ao,zkteco_com_bd.png
zkteco-ao,zkteco_com_pk.png
zkteco-ao,zkteco_in.png
zkteco-ao,zkteco_vn.png
zktecoma,zktecoma_com.png
zkteco,zkteco_com_eg.png
zkteco,zkteco_co_za.png
zkteco,zkteco_me.png
